0 - 00,0,0,0,0,0,0,1,1,0,0,0,1010,10,60,0.0065
0 - 30,30,0,0,0,0,0,1,1,0,0,0,1010,10,60,0.0065
0 - 45,45,0,0,0,0,0,1,1,0,0,0,1010,10,60,0.0065
0 - 60,60,0,0,0,0,0,1,1,0,0,0,1010,10,60,0.0065
45,45,0,0,0,0,0,1,1,0,0,0,1010,10,60,0.0065
48 Last,48,33,34,50,0,0,1,1,4,0,0,1010,10,60,0.0065
48,48,0,0,0,0,0,1,0,0,0,0,1010,10,60,0.0065
49,49,0,0,0,0,0,1,1,0,0,0,1010,10,60,0.0065
50,50,0,0,0,0,0,1,1,0,0,0,1010,10,60,0.0065
51,51,0,0,0,0,0,1,1,0,0,0,1010,10,60,0.0065
52,52,0,0,0,0,0,1,1,0,0,0,1010,10,60,0.0065
53,53,0,0,0,0,0,1,1,0,0,0,1010,10,60,0.0065
54,54,0,0,0,0,0,1,1,0,0,0,1010,10,60,0.0065
55,55,0,0,0,0,0,1,1,0,0,0,1010,10,60,0.0065
56,56,0,0,0,0,0,1,1,0,0,0,1010,10,60,0.0065
57,57,0,0,0,0,0,1,1,0,0,0,1010,10,60,0.0065
58,58,0,0,0,0,0,1,1,0,0,0,1010,10,60,0.0065
59,59,0,0,0,0,0,1,1,0,0,0,1010,10,60,0.0065
60,60,0,0,0,0,0,1,1,0,0,0,1010,10,60,0.0065
61,61,0,0,0,0,0,1,1,0,0,0,1010,10,60,0.0065
62,62,0,0,0,0,0,1,1,0,0,0,1010,10,60,0.0065
63,63,0,0,0,0,0,1,1,0,0,0,1010,10,60,0.0065
64,64,0,0,0,0,0,1,1,0,0,0,1010,10,60,0.0065
65,65,0,0,0,0,0,1,1,0,0,0,1010,10,60,0.0065
70,70,0,0,0,0,0,1,1,0,0,0,1010,10,60,0.0065
75,75,0,0,0,0,0,1,1,0,0,0,1010,10,60,0.0065
80,80,0,0,0,0,0,1,1,0,0,0,1010,10,60,0.0065
85,85,0,0,0,0,0,1,1,0,0,0,1010,10,60,0.0065
AFGHANISTAN Kabul,34,31,43,69,10,18,1,1,4.5,1800,0,1010,10,60,0.0065
AFGHANISTAN Kandahar,31,30,0,65,51,0,1,1,4.5,0,0,1010,10,60,0.0065
AFGHANISTAN Mazar-i-sharif,36,42,0,67,13,0,1,1,4.5,0,0,1010,10,60,0.0065
ALBANIA Tirana,41,19,48,19,49,12,1,1,1,120,0,1010,10,60,0.0065
ALGERIA Algiers,36,45,48,3,3,2,1,1,1,131,0,998,22,60,0.0065
ALGERIA Annaba,36,49,0,7,49,0,1,1,1,0,0,1010,10,60,0.0065
ALGERIA Bechar,31,39,0,2,16,0,1,0,1,0,0,1010,10,60,0.0065
ALGERIA Beni Isguen,32,28,19,3,41,50,1,1,1,488,0,1010,10,60,0.0065
ALGERIA Biskra,34,48,0,5,44,0,1,1,1,0,0,1010,10,60,0.0065
ALGERIA Constantine,36,17,0,6,38,0,1,1,1,0,0,1010,10,60,0.0065
ALGERIA Djanet,24,28,0,9,29,0,1,1,1,0,0,1010,10,60,0.0065
ALGERIA Ghardaia,32,23,0,3,48,0,1,1,1,0,0,1010,10,60,0.0065
ALGERIA Hassi Messaoud,31,40,0,6,9,0,1,1,1,0,0,1010,10,60,0.0065
ALGERIA In Amenas,28,3,0,9,38,0,1,1,1,0,0,1010,10,60,0.0065
ALGERIA Oran,35,33,0,0,32,0,1,0,1,0,0,1010,10,60,0.0065
ALGERIA Tamanrasset,22,49,0,5,28,0,1,1,1,0,0,1010,10,60,0.0065
ALGERIA Tilimsen,35,1,0,1,28,0,1,0,1,0,0,1010,10,60,0.0065
ANGOLA Huambo,12,48,0,15,45,0,0,1,1,0,0,1010,10,60,0.0065
ANGOLA Luanda,8,51,0,13,14,0,0,1,1,0,0,1010,10,60,0.0065
ARGENTINA Bahia Blanca,38,44,0,62,9,0,0,0,-3,0,0,1010,10,60,0.0065
ARGENTINA Catamarca,28,27,0,65,47,0,0,0,-3,0,0,1010,10,60,0.0065
ARGENTINA Comodoro Riva,45,47,0,67,28,0,0,0,-3,0,0,1010,10,60,0.0065
ARGENTINA Cordoba,31,19,0,64,12,0,0,0,-3,0,0,1010,10,60,0.0065
ARGENTINA Corrientes,27,27,0,58,46,0,0,0,-3,0,0,1010,10,60,0.0065
ARGENTINA Iguazu,25,45,0,54,28,0,0,0,-3,0,0,1010,10,60,0.0065
ARGENTINA Jujuy,24,14,0,65,15,0,0,0,-3,0,0,1010,10,60,0.0065
ARGENTINA La Rioja,29,23,0,66,47,0,0,0,-3,0,0,1010,10,60,0.0065
ARGENTINA Mar Del Plata,37,56,0,57,34,0,0,0,-3,0,0,1010,10,60,0.0065
ARGENTINA Mendoza,32,50,0,68,47,0,0,0,-3,0,0,1010,10,60,0.0065
ARGENTINA Neuquen,38,57,0,68,9,0,0,0,-3,0,0,1010,10,60,0.0065
ARGENTINA Parana,31,48,0,60,29,0,0,0,-3,0,0,1010,10,60,0.0065
ARGENTINA Paso Libres,29,41,0,57,9,0,0,0,-3,0,0,1010,10,60,0.0065
ARGENTINA Posadas,27,23,0,55,58,0,0,0,-3,0,0,1010,10,60,0.0065
ARGENTINA Rio Gallegos,51,37,0,69,20,0,0,0,-3,0,0,1010,10,60,0.0065
ARGENTINA Rosario,32,54,0,60,47,0,0,0,-3,0,0,1010,10,60,0.0065
ARGENTINA Salta,24,51,0,65,28,0,0,0,-3,0,0,1010,10,60,0.0065
ARGENTINA San Juan,31,34,0,68,25,0,0,0,-3,0,0,1010,10,60,0.0065
ARGENTINA San Luis,33,16,0,66,22,0,0,0,-3,0,0,1010,10,60,0.0065
ARGENTINA San Rafael,34,35,0,68,24,0,0,0,-3,0,0,1010,10,60,0.0065
ARGENTINA Santa Fe,31,28,0,60,51,0,0,0,-3,0,0,1010,10,60,0.0065
ARGENTINA Santa Rosa,36,34,0,64,16,0,0,0,-3,0,0,1010,10,60,0.0065
ARGENTINA Trelew,43,14,0,65,19,0,0,0,-3,0,0,1010,10,60,0.0065
ARGENTINA Tucuman,26,50,0,65,12,0,0,0,-3,0,0,1010,10,60,0.0065
ARGENTINA Viedma,40,51,0,63,1,0,0,0,-3,0,0,1010,10,60,0.0065
ARUBA Aruba,12,30,0,70,1,0,1,0,-4,0,0,1010,10,60,0.0065
AUSTRALIA  Alice Springs,23,48,0,133,53,0,0,1,9,0,0,1010,10,60,0.0065
AUSTRALIA  Meekatharra,26,37,0,118,33,0,0,1,8,0,0,1010,10,60,0.0065
AUSTRALIA Adelaide,34,57,0,138,32,0,0,1,9,0,0,1010,10,60,0.0065
AUSTRALIA Avalon,38,2,0,144,28,0,0,1,10,0,0,1010,10,60,0.0065
AUSTRALIA Cairns,16,53,0,145,45,0,0,1,10,0,0,1010,10,60,0.0065
AUSTRALIA Canberra,35,19,0,149,12,0,0,1,10,0,0,1010,10,60,0.0065
AUSTRALIA Cowra,33,51,0,148,39,0,0,1,10,0,0,1010,10,60,0.0065
AUSTRALIA Cunnamulla,28,2,0,145,37,0,0,1,10,0,0,1010,10,60,0.0065
AUSTRALIA Darwin,12,25,0,130,52,0,0,1,9,0,0,1010,10,60,0.0065
AUSTRALIA Dubbo,32,13,0,148,35,0,0,1,10,0,0,1010,10,60,0.0065
AUSTRALIA Geraldton,28,48,0,114,42,0,0,1,8,0,0,1010,10,60,0.0065
AUSTRALIA Hobart,42,50,0,147,31,0,0,1,10,0,0,1010,10,60,0.0065
AUSTRALIA Launceston,41,33,0,147,13,0,0,1,10,0,0,1010,10,60,0.0065
AUSTRALIA Learmonth,22,14,0,114,5,0,0,1,8,0,0,1010,10,60,0.0065
AUSTRALIA Mackay,21,10,0,149,11,0,0,1,10,0,0,1010,10,60,0.0065
AUSTRALIA Melbourne,37,40,0,144,50,0,0,1,10,0,0,1010,10,60,0.0065
AUSTRALIA Mount Isa,20,39,0,139,29,0,0,1,10,0,0,1010,10,60,0.0065
AUSTRALIA Newcastle,32,48,0,151,50,0,0,1,10,0,0,1010,10,60,0.0065
AUSTRALIA Perth,31,56,0,115,58,0,0,1,8,0,0,1010,10,60,0.0065
AUSTRALIA Richmond,20,42,0,143,7,0,0,1,10,0,0,1010,10,60,0.0065
AUSTRALIA Sydney,33,57,0,151,11,0,0,1,10,0,0,1010,10,60,0.0065
AUSTRALIA Townsville,19,15,0,146,50,0,0,1,10,0,0,1010,10,60,0.0065
AUSTRIA Graz,46,60,0,15,26,0,1,1,1,0,0,1010,10,60,0.0065
AUSTRIA Innsbruck,47,16,0,11,21,0,1,1,1,0,0,1010,10,60,0.0065
AUSTRIA Klagenfurt,46,39,0,14,21,0,1,1,1,0,0,1010,10,60,0.0065
AUSTRIA Linz,48,14,0,14,12,0,1,1,1,0,0,1010,10,60,0.0065
AUSTRIA Vienna,48,7,0,16,34,0,1,1,1,0,0,1010,10,60,0.0065
AZERBAIJAN Baku,40,24,59,49,49,25,1,1,4,70,0,1010,10,60,0.0065
BAHAMAS Cat Cay,25,30,0,79,30,0,1,0,-5,0,0,1010,10,60,0.0065
BAHAMAS Freeport,26,33,0,78,42,0,1,0,-5,0,0,1010,10,60,0.0065
BAHAMAS Nassau,25,2,0,77,28,0,1,0,-5,0,0,1010,10,60,0.0065
BAHAMAS Rock Sound,24,54,0,76,11,0,1,0,-5,0,0,1010,10,60,0.0065
BAHAMAS West End,26,41,0,78,59,0,1,0,-5,0,0,1010,10,60,0.0065
BAHRAIN Hawar,26,39,39,50,44,32,1,1,3,10,0,1010,10,60,0.0065
BAHRAIN Manamah,26,13,29,50,33,43,1,1,3,10,0,1010,10,60,0.0065
BANGLADESH Chittagong,22,15,0,91,50,0,1,1,6,0,0,1010,10,60,0.0065
BANGLADESH Dhaka,23,46,10,90,20,16,1,1,6,10,0,1010,10,60,0.0065
BARBADOS Bridgetown,13,4,0,59,30,0,1,0,-4,0,0,1010,10,60,0.0065
BELARUS Gomel,52,25,31,30,57,38,1,1,2,150,0,1010,10,60,0.0065
BELARUS Hrodna,53,40,43,23,50,13,1,1,2,150,0,1010,10,60,0.0065
BELARUS Magilev,53,54,39,30,20,32,1,1,2,200,0,1010,10,60,0.0065
BELARUS Minsk,53,54,8,27,28,9,1,1,2,250,0,1010,10,60,0.0065
BELARUS Vicebsk,55,11,15,30,12,13,1,1,2,200,0,1010,10,60,0.0065
BELGIUM Aalst,50,56,15,4,2,28,1,1,1,50,0,1010,10,60,0.0065
BELGIUM Antwerp,51,13,14,4,23,59,1,1,1,50,0,1010,10,60,0.0065
BELGIUM Bruges,51,12,34,3,13,31,1,1,1,50,0,1010,10,60,0.0065
BELGIUM Brussels,50,50,47,4,21,17,1,1,1,50,0,1010,10,60,0.0065
BELGIUM Charleroi,50,24,41,4,26,39,1,1,1,150,0,1010,10,60,0.0065
BELGIUM Genk,50,57,49,5,30,1,1,1,1,100,0,1010,10,60,0.0065
BELGIUM Gent,51,3,13,3,43,15,1,1,1,50,0,1010,10,60,0.0065
BELGIUM Hasselt,50,55,48,5,19,48,1,1,1,50,0,1010,10,60,0.0065
BELGIUM Kortrijk,50,49,41,3,15,54,1,1,1,50,0,1010,10,60,0.0065
BELGIUM La Louviere,50,28,40,4,11,17,1,1,1,150,0,1010,10,60,0.0065
BELGIUM Leuven,50,52,45,4,42,8,1,1,1,50,0,1010,10,60,0.0065
BELGIUM Liege,50,38,26,5,34,20,1,1,1,100,0,1010,10,60,0.0065
BELGIUM Mechelen,51,1,44,4,28,41,1,1,1,50,0,1010,10,60,0.0065
BELGIUM Mons,50,27,12,3,56,56,1,1,1,50,0,1010,10,60,0.0065
BELGIUM Namur,50,27,51,4,51,38,1,1,1,100,0,1010,10,60,0.0065
BELGIUM Oostende,51,13,32,2,54,48,1,1,1,50,0,1010,10,60,0.0065
BELGIUM Roeselare,50,56,41,3,7,25,1,1,1,50,0,1010,10,60,0.0065
BELGIUM Saint-Nicolas,51,9,52,4,8,21,1,1,1,50,0,1010,10,60,0.0065
BELGIUM Seraing,50,35,56,5,30,44,1,1,1,150,0,1010,10,60,0.0065
BELGIUM Tournai,50,36,21,3,23,18,1,1,1,50,0,1010,10,60,0.0065
BENIN Cotonou,6,21,0,2,23,0,1,1,1,0,0,1010,10,60,0.0065
BENIN Porto Novo,6,29,50,2,36,20,1,1,1,30,0,1010,10,60,0.0065
BERMUDA Hamilton,32,22,0,64,41,0,1,0,-4,0,0,1010,10,60,0.0065
BOLIVIA Cochabamba,17,26,0,66,10,0,0,0,-4,0,0,1010,10,60,0.0065
BOLIVIA La Paz,16,30,0,68,12,0,0,0,-4,0,0,1010,10,60,0.0065
BOLIVIA Santa Cruz,17,48,0,63,10,0,0,0,-4,0,0,1010,10,60,0.0065
BOLIVIA Trinidad,14,41,0,64,50,0,0,0,-4,0,0,1010,10,60,0.0065
BOSNIA Sarajevo,43,52,0,18,26,0,1,1,1,0,0,1010,10,60,0.0065
BOTSWANA Francistown,21,10,0,27,29,0,0,1,2,0,0,1010,10,60,0.0065
BRAZIL Aracatuba,21,9,0,50,26,0,0,0,-3,0,0,1010,10,60,0.0065
BRAZIL Belem,1,23,0,48,29,0,0,0,-3,0,0,1010,10,60,0.0065
BRAZIL Belo Horizonte,19,45,0,43,58,0,0,0,-3,0,0,1010,10,60,0.0065
BRAZIL Boa Vista,2,50,0,60,40,0,1,0,-3,0,0,1010,10,60,0.0065
BRAZIL Brasilia,15,52,0,47,55,0,0,0,-3,0,0,1010,10,60,0.0065
BRAZIL Campo Grande,20,28,0,54,40,0,0,0,-3,0,0,1010,10,60,0.0065
BRAZIL Crisciuma,28,43,0,49,25,0,0,0,-3,0,0,1010,10,60,0.0065
BRAZIL Cruzeiro Do Sul,7,35,0,72,47,0,0,0,-3,0,0,1010,10,60,0.0065
BRAZIL Cuiaba,15,39,0,56,7,0,0,0,-3,0,0,1010,10,60,0.0065
BRAZIL Curitiba,25,32,0,49,11,0,0,0,-3,0,0,1010,10,60,0.0065
BRAZIL Florianopolis,27,40,0,48,33,0,0,0,-3,0,0,1010,10,60,0.0065
BRAZIL Fortaleza,3,47,0,38,32,0,0,0,-3,0,0,1010,10,60,0.0065
BRAZIL Goiania,16,38,0,49,13,0,0,0,-3,0,0,1010,10,60,0.0065
BRAZIL Iguassu Falls,25,31,0,54,35,0,0,0,-3,0,0,1010,10,60,0.0065
BRAZIL Ipatinga,19,30,0,42,32,0,0,0,-3,0,0,1010,10,60,0.0065
BRAZIL Londrina,23,20,0,51,8,0,0,0,-3,0,0,1010,10,60,0.0065
BRAZIL Macapa,0,3,0,51,4,0,1,0,-3,0,0,1010,10,60,0.0065
BRAZIL Manaus,3,2,0,60,3,0,0,0,-3,0,0,1010,10,60,0.0065
BRAZIL Montes Claros,16,42,0,43,49,0,0,0,-3,0,0,1010,10,60,0.0065
BRAZIL Natal,5,55,0,35,15,0,0,0,-3,0,0,1010,10,60,0.0065
BRAZIL Parnaiba,2,54,0,41,44,0,0,0,-3,0,0,1010,10,60,0.0065
BRAZIL Pelotas,31,43,0,52,19,0,0,0,-3,0,0,1010,10,60,0.0065
BRAZIL Ponta Pora,22,32,0,55,42,0,0,0,-3,0,0,1010,10,60,0.0065
BRAZIL Porto Alegre,29,60,0,51,10,0,0,0,-3,0,0,1010,10,60,0.0065
BRAZIL Porto Velho,8,44,0,63,54,0,0,0,-3,0,0,1010,10,60,0.0065
BRAZIL Recife,8,8,0,34,55,0,0,0,-3,0,0,1010,10,60,0.0065
BRAZIL Rio Branco,21,11,0,57,11,0,0,0,-3,0,0,1010,10,60,0.0065
BRAZIL Rio De Janeiro,22,48,0,43,15,0,0,0,-3,0,0,1010,10,60,0.0065
BRAZIL Salvador,12,55,0,38,20,0,0,0,-3,0,0,1010,10,60,0.0065
BRAZIL Santa Maria,29,43,0,53,41,0,0,0,-3,0,0,1010,10,60,0.0065
BRAZIL Santarem,2,27,0,54,42,0,0,0,-3,0,0,1010,10,60,0.0065
BRAZIL Sao Jose D Campos,23,14,0,45,52,0,0,0,-3,0,0,1010,10,60,0.0065
BRAZIL Sao Luiz,2,35,0,44,14,0,0,0,-3,0,0,1010,10,60,0.0065
BRAZIL Sao Paulo,23,0,0,47,8,0,0,0,-3,0,0,1010,10,60,0.0065
BRAZIL Tabatinga,4,14,0,69,56,0,0,0,-3,0,0,1010,10,60,0.0065
BRAZIL Teresina,5,4,0,42,49,0,0,0,-3,0,0,1010,10,60,0.0065
BRAZIL Tucurui,3,46,0,49,43,0,0,0,-3,0,0,1010,10,60,0.0065
BULGARIA Bourgas,42,25,0,27,17,0,1,1,2,0,0,1010,10,60,0.0065
BULGARIA Sofia,42,42,0,23,24,0,1,1,2,0,0,1010,10,60,0.0065
BULGARIA Varna,43,14,0,27,50,0,1,1,2,0,0,1010,10,60,0.0065
BURKINA FASO Bobo Dioulasso,11,10,0,4,20,0,1,0,0,0,0,1010,10,60,0.0065
BURKINA FASO Ouagadougou,12,21,53,1,32,2,1,0,0,300,0,1010,10,60,0.0065
BURUNDI Bujumbura,3,20,0,29,19,0,0,1,2,0,0,1010,10,60,0.0065
BRUNEI Bandar Seri Begawan,4,56,27,114,56,55,1,1,8,13,0,1010,10,60,0.0065
BRUNEI Muara,5,1,36,115,4,9,1,1,8,10,0,1010,10,60,0.0065
BRUNEI Tutong,4,4,48,114,39,33,1,1,8,10,0,1010,10,60,0.0065
BRUNEI Seria,4,36,51,114,19,49,1,1,8,10,0,1010,10,60,0.0065
BRUNEI Kuala Belait,4,34,58,114,11,30,1,1,8,10,0,1010,10,60,0.0065
BRUNEI Banggar,4,42,31,115,4,26,1,1,8,10,0,1010,10,60,0.0065
BRUNEI Sukang,4,18,43,114,37,33,1,1,8,10,0,1010,10,60,0.0065
BRUNEI Bukit Pagon,4,17,40,115,19,20,1,1,8,10,0,1010,10,60,0.0065
CAMBODIA Phnom Penh,11,33,0,104,51,0,1,1,7,0,0,1010,10,60,0.0065
CAMBODIA Siem Reap,13,25,0,103,49,0,1,1,7,0,0,1010,10,60,0.0065
CAMBODIA Malai,13,53,0,102,33,0,1,1,7,10,0,1010,10,60,0.0065
CAMBODIA Poipet,13,39,0,102,34,0,1,1,7,10,0,1010,10,60,0.0065
CAMBODIA Pailin,12,51,19,102,36,31,1,1,7,10,0,1010,10,60,0.0065
CAMBODIA Ta Veaaeng,14,41,0,107,32,0,1,1,7,10,0,1010,10,60,0.0065
CAMBODIA Paulo Wai,9,54,0,102,53,0,1,1,7,10,0,1010,10,60,0.0065
CAMBODIA Ou Yadav,13,22,0,107,37,0,1,1,7,10,0,1010,10,60,0.0065
CAMBODIA Sihanoukville,10,39,0,103,30,0,1,1,7,10,0,1010,10,60,0.0065
CAMBODIA Kampot,10,36,0,104,10,0,1,1,7,10,0,1010,10,60,0.0065
CAMBODIA Takeo,10,59,0,104,47,0,1,1,7,10,0,1010,10,60,0.0065
CAMBODIA Svay Rieng,11,4,0,105,49,0,1,1,7,10,0,1010,10,60,0.0065
CAMEROON Douala,4,1,0,9,43,0,1,1,1,0,0,1010,10,60,0.0065
CAMEROON Garoua,9,20,0,13,23,0,1,1,1,0,0,1010,10,60,0.0065
CAMEROON Maroua,10,27,0,14,15,0,1,1,1,0,0,1010,10,60,0.0065
CAMEROON Ngaoundere,7,21,0,13,34,0,1,1,1,0,0,1010,10,60,0.0065
CAMEROON Yaounde,3,52,1,11,31,0,1,1,1,730,0,1010,10,60,0.0065
CANADA Abbotsford,49,1,0,122,22,0,1,0,-8,0,0,1010,10,60,0.0065
CANADA Baie Comeau,49,12,0,68,16,0,1,0,-5,0,0,1010,10,60,0.0065
CANADA Brandon,49,54,0,99,57,0,1,0,-6,0,0,1010,10,60,0.0065
CANADA Calgary,51,7,0,114,1,0,1,0,-7,0,0,1010,10,60,0.0065
CANADA Campbell River,49,57,0,125,16,0,1,0,-8,0,0,1010,10,60,0.0065
CANADA Castlegar,49,18,0,117,38,0,1,0,-8,0,0,1010,10,60,0.0065
CANADA Charlo,47,59,0,66,20,0,1,0,-4,0,0,1010,10,60,0.0065
CANADA Charlottetown,46,17,0,63,8,0,1,0,-4,0,0,1010,10,60,0.0065
CANADA Chatham,47,1,0,65,27,0,1,0,-4,0,0,1010,10,60,0.0065
CANADA Churchill,58,45,0,94,4,0,1,0,-6,0,0,1010,10,60,0.0065
CANADA Cold Lake,54,27,0,110,10,0,1,0,-7,0,0,1010,10,60,0.0065
CANADA Comox,49,43,0,124,54,0,1,0,-8,0,0,1010,10,60,0.0065
CANADA Cranbrook,49,32,0,115,46,0,1,0,-7,0,0,1010,10,60,0.0065
CANADA Dauphin,51,6,0,100,3,0,1,0,-6,0,0,1010,10,60,0.0065
CANADA Deer Lake,49,13,0,57,24,0,1,0,-3,0,0,1010,10,60,0.0065
CANADA Dryden,49,50,0,92,44,0,1,0,-6,0,0,1010,10,60,0.0065
CANADA Earlton,47,42,0,79,51,0,1,0,-5,0,0,1010,10,60,0.0065
CANADA Edmonton,53,34,0,113,31,0,1,0,-7,0,0,1010,10,60,0.0065
CANADA Flin Flon,54,41,0,101,41,0,1,0,-6,0,0,1010,10,60,0.0065
CANADA Fort Mcmurray,56,39,0,111,13,0,1,0,-7,0,0,1010,10,60,0.0065
CANADA Fort Nelson,58,50,0,122,35,0,1,0,-7,0,0,1010,10,60,0.0065
CANADA Fort Simpson,61,45,0,121,14,0,1,0,-7,0,0,1010,10,60,0.0065
CANADA Fort Smith,60,1,0,111,58,0,1,0,-7,0,0,1010,10,60,0.0065
CANADA Fort St John,56,14,0,120,44,0,1,0,-7,0,0,1010,10,60,0.0065
CANADA Fredericton,45,52,0,66,32,0,1,0,-4,0,0,1010,10,60,0.0065
CANADA Frobisher Bay,63,45,0,68,34,0,1,0,-5,0,0,1010,10,60,0.0065
CANADA Gagnon,51,57,0,68,8,0,1,0,-5,0,0,1010,10,60,0.0065
CANADA Gander,48,57,0,54,34,0,1,0,-3,0,0,1010,10,60,0.0065
CANADA Gatineau,45,27,0,75,40,0,1,0,-5,0,0,1010,10,60,0.0065
CANADA Goose Bay,53,19,0,60,25,0,1,0,-4,0,0,1010,10,60,0.0065
CANADA Gore Bay,45,53,0,82,34,0,1,0,-5,0,0,1010,10,60,0.0065
CANADA Grande Prairie,55,11,0,118,53,0,1,0,-7,0,0,1010,10,60,0.0065
CANADA Halifax,44,53,0,63,31,0,1,0,-4,0,0,1010,10,60,0.0065
CANADA Hamilton,43,10,0,79,56,0,1,0,-5,0,0,1010,10,60,0.0065
CANADA Hay River,60,51,0,115,47,0,1,0,-7,0,0,1010,10,60,0.0065
CANADA High Level,58,37,0,117,10,0,1,0,-7,0,0,1010,10,60,0.0065
CANADA Inuvik,68,18,0,133,29,0,1,0,-7,0,0,1010,10,60,0.0065
CANADA Kamloops,50,42,0,120,26,0,1,0,-8,0,0,1010,10,60,0.0065
CANADA Kelowna,49,58,0,119,23,0,1,0,-8,0,0,1010,10,60,0.0065
CANADA Kenora,49,47,0,94,22,0,1,0,-6,0,0,1010,10,60,0.0065
CANADA Kingston,44,13,0,76,36,0,1,0,-5,0,0,1010,10,60,0.0065
CANADA Kuujjuaq,58,6,0,68,24,0,1,0,-5,0,0,1010,10,60,0.0065
CANADA La Grande,53,38,0,77,42,0,1,0,-5,0,0,1010,10,60,0.0065
CANADA Lac La Ronge,55,9,0,105,16,0,1,0,-6,0,0,1010,10,60,0.0065
CANADA Lethbridge,49,38,0,112,48,0,1,0,-7,0,0,1010,10,60,0.0065
CANADA Lloydminster,53,18,0,110,5,0,1,0,-7,0,0,1010,10,60,0.0065
CANADA London,43,2,0,81,9,0,1,0,-5,0,0,1010,10,60,0.0065
CANADA Matane,48,51,0,67,28,0,1,0,-5,0,0,1010,10,60,0.0065
CANADA Medicine Hat,50,1,0,110,43,0,1,0,-7,0,0,1010,10,60,0.0065
CANADA Moncton,46,7,0,64,41,0,1,0,-4,0,0,1010,10,60,0.0065
CANADA Mont Joli,48,36,0,68,12,0,1,0,-5,0,0,1010,10,60,0.0065
CANADA Montreal,45,28,0,73,45,0,1,0,-5,0,0,1010,10,60,0.0065
CANADA Muskoka,44,58,0,79,18,0,1,0,-5,0,0,1010,10,60,0.0065
CANADA Nanaimo,49,3,0,123,52,0,1,0,-8,0,0,1010,10,60,0.0065
CANADA North Bay,46,22,0,79,25,0,1,0,-5,0,0,1010,10,60,0.0065
CANADA Ottawa,45,19,0,75,40,0,1,0,-5,0,0,1010,10,60,0.0065
CANADA Penticton,49,28,0,119,36,0,1,0,-8,0,0,1010,10,60,0.0065
CANADA Port Hardy,50,41,0,127,22,0,1,0,-8,0,0,1010,10,60,0.0065
CANADA Prince Albert,53,13,0,105,41,0,1,0,-6,0,0,1010,10,60,0.0065
CANADA Prince George,53,54,0,122,41,0,1,0,-8,0,0,1010,10,60,0.0065
CANADA Prince Rupert,54,17,0,130,26,0,1,0,-8,0,0,1010,10,60,0.0065
CANADA Quesnel,53,2,0,122,31,0,1,0,-8,0,0,1010,10,60,0.0065
CANADA Regina,50,26,0,103,39,0,1,0,-6,0,0,1010,10,60,0.0065
CANADA Roberval,48,31,0,72,16,0,1,0,-5,0,0,1010,10,60,0.0065
CANADA Rouyn,48,12,0,78,50,0,1,0,-5,0,0,1010,10,60,0.0065
CANADA Saguenay,48,19,0,70,59,0,1,0,-5,0,0,1010,10,60,0.0065
CANADA Saint John,45,19,0,65,53,0,1,0,-4,0,0,1010,10,60,0.0065
CANADA Sandspit,53,15,0,131,49,0,1,0,-8,0,0,1010,10,60,0.0065
CANADA Sarnia,42,60,0,82,19,0,1,0,-5,0,0,1010,10,60,0.0065
CANADA Saskatoon,52,10,0,106,41,0,1,0,-6,0,0,1010,10,60,0.0065
CANADA Sept-iles,50,13,0,66,17,0,1,0,-5,0,0,1010,10,60,0.0065
CANADA Sherbrooke,45,26,0,71,42,0,1,0,-5,0,0,1010,10,60,0.0065
CANADA Smithers,54,50,0,127,11,0,1,0,-8,0,0,1010,10,60,0.0065
CANADA St Johns,47,37,0,52,45,0,1,0,-3,0,0,1010,10,60,0.0065
CANADA Stephenville,48,32,0,58,33,0,1,0,-3,0,0,1010,10,60,0.0065
CANADA Sudbury,46,38,0,80,48,0,1,0,-5,0,0,1010,10,60,0.0065
CANADA Sydney,46,10,0,60,3,0,1,0,-4,0,0,1010,10,60,0.0065
CANADA Terrace,54,28,0,128,34,0,1,0,-8,0,0,1010,10,60,0.0065
CANADA The Pas,53,58,0,101,6,0,1,0,-6,0,0,1010,10,60,0.0065
CANADA Thunder Bay,48,22,0,89,20,0,1,0,-5,0,0,1010,10,60,0.0065
CANADA Timmins,48,34,0,81,22,0,1,0,-5,0,0,1010,10,60,0.0065
CANADA Toronto,43,41,0,79,38,0,1,0,-5,0,0,1010,10,60,0.0065
CANADA Trenton,44,7,0,77,32,0,1,0,-5,0,0,1010,10,60,0.0065
CANADA Victoria,48,39,0,123,25,0,1,0,-8,0,0,1010,10,60,0.0065
CANADA Wabush,52,55,0,66,53,0,1,0,-4,0,0,1010,10,60,0.0065
CANADA Watson Lake,60,7,0,128,50,0,1,0,-8,0,0,1010,10,60,0.0065
CANADA Whitehorse,60,43,0,135,4,0,1,0,-8,0,0,1010,10,60,0.0065
CANADA Williams Lake,52,11,0,122,3,0,1,0,-8,0,0,1010,10,60,0.0065
CANADA Windsor,42,16,0,82,58,0,1,0,-5,0,0,1010,10,60,0.0065
CANADA Winnipeg,49,54,0,97,14,0,1,0,-6,0,0,1010,10,60,0.0065
CANADA Yarmouth,43,50,0,66,5,0,1,0,-4,0,0,1010,10,60,0.0065
CANADA Yellowknife,62,28,0,114,27,0,1,0,-7,0,0,1010,10,60,0.0065
CANADA Yorkton,51,16,0,102,28,0,1,0,-6,0,0,1010,10,60,0.0065
CAPE VERDE Sal,16,45,0,22,57,0,1,0,-1,0,0,1010,10,60,0.0065
CENTRAL-AFERICA Bangui,4,24,0,18,31,0,1,1,1,0,0,1010,10,60,0.0065
CHAD N djamena,12,6,41,15,2,8,1,1,1,0,0,1010,10,60,0.0065
CHILE Antofagasta,23,26,0,70,27,0,0,0,-4,0,0,1010,10,60,0.0065
CHILE Arica,18,20,0,70,20,0,0,0,-4,0,0,1010,10,60,0.0065
CHILE Balmaceda,45,55,0,71,42,0,0,0,-4,0,0,1010,10,60,0.0065
CHILE Calama,22,29,0,68,55,0,0,0,-4,0,0,1010,10,60,0.0065
CHILE Concepcion,36,46,0,73,4,0,0,0,-4,0,0,1010,10,60,0.0065
CHILE Easter Island,27,10,0,109,26,0,0,0,-4,0,0,1010,10,60,0.0065
CHILE Iquique,20,14,0,70,8,0,0,0,-4,0,0,1010,10,60,0.0065
CHILE Puerto Montt,41,26,0,73,5,0,0,0,-4,0,0,1010,10,60,0.0065
CHILE Punta Arenas,53,8,0,70,53,0,0,0,-4,0,0,1010,10,60,0.0065
CHILE Santiago,33,23,0,70,47,0,0,0,-4,0,0,1010,10,60,0.0065
CHINA Baoshan,31,24,13,121,31,26,1,1,8,0,0,1010,10,60,0.0065
CHINA Beijing,40,4,0,116,36,0,1,1,8,0,0,1010,10,60,0.0065
CHINA Guangzhou,23,7,0,113,14,0,1,1,8,0,0,1010,10,60,0.0065
CHINA Hangzhou,30,20,0,120,0,0,1,1,8,0,0,1010,10,60,0.0065
CHINA Harbin,46,1,0,126,35,0,1,1,8,0,0,1010,10,60,0.0065
CHINA Kunming,24,59,0,102,44,0,1,1,8,0,0,1010,10,60,0.0065
CHINA Lanzhou,36,1,0,103,45,0,1,1,8,0,0,1010,10,60,0.0065
CHINA Nanning,22,49,0,108,20,0,1,1,8,0,0,1010,10,60,0.0065
CHINA Shanghai,31,12,0,121,20,0,1,1,8,0,0,1010,10,60,0.0065
CHINA Shenyang,41,48,0,123,27,0,1,1,8,0,0,1010,10,60,0.0065
CHINA Taiyuan,37,50,0,112,33,0,1,1,8,0,0,1010,10,60,0.0065
CHINA Tianjin,39,7,0,117,21,0,1,1,8,0,0,1010,10,60,0.0065
COLOMBIA Bogota,4,42,0,74,9,0,1,0,0,0,0,1010,10,60,0.0065
COLOMBIA Bucaramanga,7,6,0,73,8,0,1,0,-5,0,0,1010,10,60,0.0065
COLOMBIA Cali,3,33,0,76,23,0,1,0,-5,0,0,1010,10,60,0.0065
COLOMBIA Cartagena,10,27,0,75,31,0,1,0,-5,0,0,1010,10,60,0.0065
COLOMBIA Medellin,6,13,0,75,36,0,1,0,-5,0,0,1010,10,60,0.0065
COLOMBIA Pereira,4,49,0,75,45,0,1,0,-5,0,0,1010,10,60,0.0065
COMOROS Moroni,11,42,15,43,14,25,0,1,3,33,0,1009,30,60,0.0065
CONGO Brazzaville,4,15,0,15,15,0,0,1,1,0,0,1010,10,60,0.0065
CONGO Pointe Noire,4,49,0,11,53,0,0,1,1,0,0,1010,10,60,0.0065
CONNECTICUT Oxford,41,29,0,73,8,0,1,0,-5,0,0,1010,10,60,0.0065
CORSICA  FRA Bastia,42,33,0,9,29,0,1,1,1,0,0,1010,10,60,0.0065
COSTA-RICA Liberia,10,35,0,85,33,0,1,0,-6,0,0,1010,10,60,0.0065
COSTA-RICA San Jose,9,60,0,84,13,0,1,0,-6,0,0,1010,10,60,0.0065
COTE D'ivoire Yamoussoukro,6,54,0,5,22,0,1,0,0,0,0,1010,10,60,0.0065
CUBA Camaguey,21,25,0,77,51,0,1,0,-5,0,0,1010,10,60,0.0065
CUBA Guantanamo,19,54,0,75,12,0,1,0,-5,0,0,1010,10,60,0.0065
CUBA Havana,22,59,0,82,24,0,1,0,-5,0,0,1010,10,60,0.0065
CUBA Holguin,20,47,0,76,19,0,1,0,-5,0,0,1010,10,60,0.0065
CUBA Nueva Gerona,21,50,0,82,47,0,1,0,-5,0,0,1010,10,60,0.0065
CUBA Santiago,19,58,0,75,50,0,1,0,-5,0,0,1010,10,60,0.0065
CUBA Varadero,23,8,0,81,18,0,1,0,-5,0,0,1010,10,60,0.0065
CYPRUS Ercan,35,10,0,33,29,0,1,1,2,0,0,1010,10,60,0.0065
CYPRUS Larnaca,34,53,0,33,38,0,1,1,2,0,0,1010,10,60,0.0065
CYPRUS Paphos,34,43,0,32,29,0,1,1,2,0,0,1010,10,60,0.0065
CZECH Budweis,48,58,26,14,28,30,1,1,1,400,0,1010,10,60,0.0065
CZECH Liberec,50,46,1,15,3,22,1,1,1,400,0,1010,10,60,0.0065
CZECH Olomouc,49,35,44,17,15,7,1,1,1,250,0,1010,10,60,0.0065
CZECH Ostrava,49,50,29,18,17,25,1,1,1,250,0,1010,10,60,0.0065
CZECH Plzen,49,44,51,13,22,39,1,1,1,350,0,1010,10,60,0.0065
CZECH Prague,50,5,16,14,25,13,1,1,1,200,0,1010,10,60,0.0065
Cocos Islands,12,11,0,96,50,0,0,1,7,0,0,1010,10,60,0.0065
DENMARK Aalborg,57,2,50,9,55,12,1,1,1,50,0,1010,10,60,0.0065
DENMARK Arhus,56,9,30,10,12,18,1,1,1,50,0,1010,10,60,0.0065
DENMARK Copenhagen,55,40,35,12,34,5,1,1,1,50,0,1010,10,60,0.0065
DENMARK Horsens,55,51,38,9,50,59,1,1,1,50,0,1010,10,60,0.0065
DENMARK Kolding,55,29,26,9,28,20,1,1,1,50,0,1010,10,60,0.0065
DENMARK Odense,55,23,47,10,23,25,1,1,1,50,0,1010,10,60,0.0065
DENMARK Randers,56,27,54,10,2,49,1,1,1,50,0,1010,10,60,0.0065
DENMARK Roskilde,55,38,30,12,4,49,1,1,1,50,0,1010,10,60,0.0065
DENMARK Vejle,55,42,34,9,32,9,1,1,1,50,0,1010,10,60,0.0065
DJIBOUTI Djibouti,11,35,42,43,8,53,1,1,3,7,0,1012,30,60,0.0065
ECUADOR Esmeraldas,0,58,0,79,38,0,1,0,-5,0,0,1010,10,60,0.0065
ECUADOR Guayaquil,2,9,0,79,53,0,0,0,-5,0,0,1010,10,60,0.0065
ECUADOR Manta,0,56,0,80,43,0,0,0,-5,0,0,1010,10,60,0.0065
ECUADOR Quito,0,8,0,78,29,0,0,0,-5,0,0,1010,10,60,0.0065
EGYPT Abu Simbel,22,20,32,31,36,56,1,1,2,190,0,1010,10,60,0.0065
EGYPT Alexandria,31,12,13,29,52,37,1,1,2,20,0,1010,10,60,0.0065
EGYPT Arish,31,7,52,33,47,29,1,1,2,20,0,1010,10,60,0.0065
EGYPT Asut,27,11,16,31,10,37,1,1,2,60,0,1010,10,60,0.0065
EGYPT Aswan,24,5,8,32,53,53,1,1,2,110,0,1010,10,60,0.0065
EGYPT Banha,30,27,18,31,10,39,1,1,2,25,0,1010,10,60,0.0065
EGYPT Bani Sweaf,29,4,30,31,5,43,1,1,2,40,0,1010,10,60,0.0065
EGYPT Cairo,30,3,25,31,13,22,1,1,2,50,0,1010,10,60,0.0065
EGYPT Damanhur,31,2,6,30,27,54,1,1,2,10,0,1010,10,60,0.0065
EGYPT Dikirnis,31,5,16,31,35,33,1,1,2,10,0,1010,10,60,0.0065
EGYPT Domyat,31,25,22,31,48,30,1,1,2,15,0,1010,10,60,0.0065
EGYPT Faiyum,29,18,33,30,50,15,1,1,2,35,0,1010,10,60,0.0065
EGYPT Idfu,24,58,40,32,52,30,1,1,2,100,0,1010,10,60,0.0065
EGYPT Ismailiya,30,36,14,32,15,58,1,1,2,20,0,1010,10,60,0.0065
EGYPT Kafr Al Dawwar,31,8,24,30,7,30,1,1,2,10,0,1010,10,60,0.0065
EGYPT Kafr Ash Shaikh,31,6,45,30,56,11,1,1,2,15,0,1010,10,60,0.0065
EGYPT Luxor,25,42,0,32,38,20,1,1,2,90,0,1010,10,60,0.0065
EGYPT Mahla Kubra,30,58,17,31,9,29,1,1,2,20,0,1010,10,60,0.0065
EGYPT Mallawi,27,43,54,30,50,14,1,1,2,60,0,1010,10,60,0.0065
EGYPT Mansura,31,2,55,31,23,16,1,1,2,10,0,1010,10,60,0.0065
EGYPT Marsa Matroh,31,21,59,27,13,9,1,1,2,10,0,1010,10,60,0.0065
EGYPT Minya,28,6,7,30,45,3,1,1,2,50,0,1010,10,60,0.0065
EGYPT Port Said,31,16,3,32,16,10,1,1,2,20,0,1010,10,60,0.0065
EGYPT Qena,26,9,40,32,42,40,1,1,2,80,0,1010,10,60,0.0065
EGYPT Sharm El Shaikh,27,54,46,34,19,19,1,1,2,20,0,1010,10,60,0.0065
EGYPT Shbean Al Koam,30,33,38,31,0,21,1,1,2,20,0,1010,10,60,0.0065
EGYPT Sohag,26,33,28,31,41,28,1,1,2,70,0,1010,10,60,0.0065
EGYPT Swais,29,58,47,32,30,58,1,1,2,25,0,1010,10,60,0.0065
EGYPT Talkha,31,3,29,31,22,36,1,1,2,15,0,1010,10,60,0.0065
EGYPT Tanta,30,47,18,30,58,57,1,1,2,15,0,1010,10,60,0.0065
EGYPT Toshka,24,24,35,33,2,18,1,1,2,120,0,1010,10,60,0.0065
EGYPT Zagazig,30,35,19,31,29,54,1,1,2,20,0,1010,10,60,0.0065
EQUATORIAL GUINEA Bata,1,54,0,9,48,0,1,1,1,0,0,1010,10,60,0.0065
ERITREA Asmara,15,19,57,38,55,34,1,1,3,2350,0,1010,10,60,0.0065
ESTONIA Kohtla-Jarve,59,23,55,27,15,2,1,1,2,50,0,1010,10,60,0.0065
ESTONIA Narva,59,22,28,28,10,56,1,1,2,50,0,1010,10,60,0.0065
ESTONIA Parnu,58,23,10,24,29,55,1,1,2,50,0,1010,10,60,0.0065
ESTONIA Tallinn,59,26,20,24,45,16,1,1,2,50,0,1010,10,60,0.0065
ESTONIA Tartu,58,22,15,26,42,53,1,1,2,100,0,1010,10,60,0.0065
ETHIOPIA Addis Ababa,9,1,43,38,43,57,1,1,3,2450,0,1010,10,60,0.0065
ETHIOPIA Asmara,15,17,0,38,55,0,1,1,3,0,0,1010,10,60,0.0065
ETHIOPIA Dire Dawa,9,37,0,41,51,0,1,1,3,0,0,1010,10,60,0.0065
FINLAND Hameenlinna,60,59,46,24,27,52,1,1,2,100,0,1010,10,60,0.0065
FINLAND Helsinki,60,10,12,24,55,20,1,1,2,50,0,1010,10,60,0.0065
FINLAND Joensuu,62,36,5,29,44,8,1,1,2,100,0,1010,10,60,0.0065
FINLAND Jyvaskyla,62,14,26,25,44,33,1,1,2,100,0,1010,10,60,0.0065
FINLAND Kajaani,64,13,38,27,43,34,1,1,2,150,0,1010,10,60,0.0065
FINLAND Kokkola,63,50,17,23,6,50,1,1,2,50,0,1010,10,60,0.0065
FINLAND Kotka,60,27,59,26,56,22,1,1,2,50,0,1010,10,60,0.0065
FINLAND Kuopio,62,53,33,27,40,4,1,1,2,150,0,1010,10,60,0.0065
FINLAND Lahti,60,58,57,25,39,42,1,1,2,150,0,1010,10,60,0.0065
FINLAND Lappeenranta,61,3,31,28,11,13,1,1,2,100,0,1010,10,60,0.0065
FINLAND Mariehamn,60,5,49,19,56,5,1,1,2,50,0,1010,10,60,0.0065
FINLAND Mikkeli,61,41,19,27,16,19,1,1,2,100,0,1010,10,60,0.0065
FINLAND Oulu,65,0,47,25,28,17,1,1,2,50,0,1010,10,60,0.0065
FINLAND Pori,61,29,6,21,47,50,1,1,2,50,0,1010,10,60,0.0065
FINLAND Porvoo,60,23,34,25,39,52,1,1,2,50,0,1010,10,60,0.0065
FINLAND Rovaniemi,66,29,53,25,43,11,1,1,2,150,0,1010,10,60,0.0065
FINLAND Seinajoki,62,47,26,22,50,23,1,1,2,50,0,1010,10,60,0.0065
FINLAND Tampere,61,29,53,23,45,54,1,1,2,100,0,1010,10,60,0.0065
FINLAND Turku,60,27,5,22,16,6,1,1,2,50,0,1010,10,60,0.0065
FINLAND Vaasa,63,5,43,21,36,57,1,1,2,50,0,1010,10,60,0.0065
FINLAND Vantaa,60,17,40,25,2,25,1,1,2,50,0,1010,10,60,0.0065
FRANCE Angers,47,28,10,0,32,56,1,0,1,100,0,1010,10,60,0.0065
FRANCE Bordeaux,44,50,14,0,34,34,1,0,1,100,0,1010,10,60,0.0065
FRANCE Brest,48,23,26,4,29,13,1,0,1,50,0,1010,10,60,0.0065
FRANCE Dijon,47,19,38,5,2,38,1,1,1,300,0,1010,10,60,0.0065
FRANCE Grenoble,45,11,39,5,43,54,1,1,1,300,0,1010,10,60,0.0065
FRANCE Le Havre,49,29,33,0,6,23,1,1,1,50,0,1010,10,60,0.0065
FRANCE Le Mans,48,0,28,0,11,55,1,1,1,100,0,1010,10,60,0.0065
FRANCE Lille,50,38,14,3,3,47,1,1,1,50,0,1010,10,60,0.0065
FRANCE Lyon,45,46,3,4,50,4,1,1,1,250,0,1010,10,60,0.0065
FRANCE Marseille,43,17,52,5,22,52,1,1,1,100,0,1010,10,60,0.0065
FRANCE Montpellier,43,36,29,3,52,46,1,1,1,50,0,1010,10,60,0.0065
FRANCE Nantes,47,13,0,1,33,24,1,0,1,50,0,1010,10,60,0.0065
FRANCE Nice,43,42,12,7,15,59,1,1,1,50,0,1010,10,60,0.0065
FRANCE Paris,48,51,24,2,21,4,1,1,1,100,0,1010,10,60,0.0065
FRANCE Reims ,49,15,24,4,1,59,1,1,1,100,0,1010,10,60,0.0065
FRANCE Rennes ,48,6,43,1,40,50,1,0,1,100,0,1010,10,60,0.0065
FRANCE Saint-Etienne,45,26,23,4,23,16,1,1,1,550,0,1010,10,60,0.0065
FRANCE Strasbourg,48,34,59,7,44,37,1,1,1,200,0,1010,10,60,0.0065
FRANCE Toulon,43,7,30,5,55,52,1,1,1,50,0,1010,10,60,0.0065
FRANCE Toulouse,43,36,16,1,26,35,1,1,1,200,0,1010,10,60,0.0065
GABON Franceville,1,38,0,13,33,0,0,1,1,0,0,1010,10,60,0.0065
GABON Libreville,0,23,27,9,27,13,1,1,1,10,0,1010,10,60,0.0065
GAMBIA Banjul,13,27,11,16,34,40,1,0,0,10,0,1010,10,60,0.0065
GERMANY Aachen,50,46,36,6,2,50,1,1,1,250,0,1010,10,60,0.0065
GERMANY Berlin,52,31,24,13,24,41,1,1,1,50,0,1010,10,60,0.0065
GERMANY Bielefeld,52,1,23,8,32,0,1,1,1,150,0,1010,10,60,0.0065
GERMANY Bochum,51,28,55,7,13,3,1,1,1,150,0,1010,10,60,0.0065
GERMANY Bonn,50,43,58,7,5,47,1,1,1,100,0,1010,10,60,0.0065
GERMANY Bremen,53,4,30,8,48,26,1,1,1,50,0,1010,10,60,0.0065
GERMANY Cologne,50,56,26,6,57,37,1,1,1,100,0,1010,10,60,0.0065
GERMANY Dortmund,51,30,44,7,27,50,1,1,1,150,0,1010,10,60,0.0065
GERMANY Dresden,51,3,4,13,44,1,1,1,1,300,0,1010,10,60,0.0065
GERMANY Duesseldorf,51,13,30,6,46,32,1,1,1,50,0,1010,10,60,0.0065
GERMANY Duisburg,51,26,7,6,45,44,1,1,1,50,0,1010,10,60,0.0065
GERMANY Essen,51,27,29,7,0,53,1,1,1,100,0,1010,10,60,0.0065
GERMANY Frankfurt,50,6,42,8,40,50,1,1,1,150,0,1010,10,60,0.0065
GERMANY Hamburg,53,33,12,9,59,32,1,1,1,100,0,1010,10,60,0.0065
GERMANY Hannover,52,22,20,9,44,9,1,1,1,100,0,1010,10,60,0.0065
GERMANY Leipzig,51,20,23,12,22,16,1,1,1,150,0,1010,10,60,0.0065
GERMANY Mannheim,49,29,5,8,28,36,1,1,1,150,0,1010,10,60,0.0065
GERMANY Munich,48,8,21,11,34,49,1,1,1,550,0,1010,10,60,0.0065
GERMANY Nuernberg,49,27,2,11,4,49,1,1,1,350,0,1010,10,60,0.0065
GERMANY Stuttgart,48,46,38,9,10,51,1,1,1,300,0,1010,10,60,0.0065
GERMANY Wuppertal,51,15,22,7,9,0,1,1,1,250,0,1010,10,60,0.0065
GHANA Accra,5,36,0,0,10,0,1,0,0,0,0,1010,10,60,0.0065
GHANA Kumasi,6,43,0,1,35,0,1,0,0,0,0,1010,10,60,0.0065
GREECE Athens,37,54,0,23,44,0,1,1,2,180,0,1010,10,60,0.0065
GREECE Chania,35,32,0,24,9,0,1,1,2,0,0,1010,10,60,0.0065
GREECE Heraklion,35,20,0,25,11,0,1,1,2,0,0,1010,10,60,0.0065
GREECE Ioannina,39,42,0,20,50,0,1,1,2,0,0,1010,10,60,0.0065
GREECE Kalamata,37,4,0,22,2,0,1,1,2,0,0,1010,10,60,0.0065
GREECE Kavalla,40,58,0,24,21,0,1,1,2,0,0,1010,10,60,0.0065
GREECE Kefalonia,38,7,0,20,30,0,1,1,2,0,0,1010,10,60,0.0065
GREECE Kos,36,48,0,27,6,0,1,1,2,0,0,1010,10,60,0.0065
GREECE Larissa,39,39,0,22,28,0,1,1,2,0,0,1010,10,60,0.0065
GREECE Lemnos,39,55,0,25,15,0,1,1,2,0,0,1010,10,60,0.0065
GREECE Preveza,38,56,0,20,46,0,1,1,2,0,0,1010,10,60,0.0065
GREECE Rhodes,36,23,0,28,7,0,1,1,2,0,0,1010,10,60,0.0065
GREECE Samos,37,41,0,26,55,0,1,1,2,0,0,1010,10,60,0.0065
GREECE Thessaloniki,40,31,0,22,58,0,1,1,2,0,0,1010,10,60,0.0065
GREENLAND Sondre Stromfjord,67,1,0,50,43,0,1,0,-3,0,0,1010,10,60,0.0065
GUAM Guam,13,29,0,144,48,0,1,1,10,0,0,1010,10,60,0.0065
GUATEMALA Flores,16,55,0,89,53,0,1,0,-6,0,0,1010,10,60,0.0065
GUATEMALA Guatemala,14,35,0,90,32,0,1,0,-6,0,0,1010,10,60,0.0065
GUINEA BISSAU Bissau,11,52,0,15,36,0,1,0,0,15,0,1010,10,60,0.0065
GUINEA Conakry,9,32,14,13,40,43,1,0,0,15,0,1010,10,60,0.0065
GUYANA Georgetown,6,48,17,58,9,17,1,0,-4,15,0,1010,10,60,0.0065
GUYANA Kaieteur,5,10,0,59,29,0,1,0,-4,0,0,1010,10,60,0.0065
HAITI Port Au Prince,18,34,0,72,20,0,1,0,-5,0,0,1010,10,60,0.0065
HONDURAS La Ceiba,15,44,0,86,51,0,1,0,6,0,0,1010,10,60,0.0065
HONG-KONG Hong Kong,22,19,0,114,12,0,1,1,8,0,0,1010,10,60,0.0065
HUNGARY Budapest,47,26,0,19,14,0,1,1,1,0,0,1010,10,60,0.0065
ICELAND Keflavik,63,59,0,22,36,0,1,0,0,0,0,1010,10,60,0.0065
INDIA Ahmedabad,23,4,0,72,37,0,1,1,5.5,0,0,1010,10,60,0.0065
INDIA Allahabad,25,26,0,81,44,0,1,1,5.5,0,0,1010,10,60,0.0065
INDIA Amritsar,31,42,0,74,48,0,1,1,5.5,0,0,1010,10,60,0.0065
INDIA Bangalore,12,57,0,77,40,0,1,1,5.5,0,0,1010,10,60,0.0065
INDIA Bhuj,23,17,0,69,40,0,1,1,5.5,0,0,1010,10,60,0.0065
INDIA Bombay,19,5,0,72,51,0,1,1,5.5,0,0,1010,10,60,0.0065
INDIA Calcutta,22,39,0,88,27,0,1,1,5.5,0,0,1010,10,60,0.0065
INDIA Delhi,28,34,0,77,6,0,1,1,5.5,0,0,1010,10,60,0.0065
INDIA Gauhati,26,6,0,91,35,0,1,1,5.5,0,0,1010,10,60,0.0065
INDIA Hyderabad,17,27,0,78,28,0,1,1,5.5,0,0,1010,10,60,0.0065
INDIA Imphal,24,46,0,93,54,0,1,1,5.5,0,0,1010,10,60,0.0065
INDIA Lucknow,26,46,0,80,53,0,1,1,5.5,0,0,1010,10,60,0.0065
INDIA Madras,12,60,0,80,11,0,1,1,5.5,0,0,1010,10,60,0.0065
INDIA Mangalore,12,52,12,74,50,37,1,1,5.5,0,0,1010,10,60,0.0065
INDIA Nagpur,21,5,0,79,3,0,1,1,5.5,0,0,1010,10,60,0.0065
INDIA Trivandrum,8,29,0,76,55,0,1,1,5.5,0,0,1010,10,60,0.0065
INDIA Vadodara,22,20,0,73,13,0,1,1,5.5,0,0,1010,10,60,0.0065
INDONESIA Aek Kanopan,2,34,7,99,38,34,1,1,7,10,0,1010,10,60,0.0065
INDONESIA Agats,5,31,55,138,6,1,0,1,9,10,0,1010,10,60,0.0065
INDONESIA Aimas,1,0,25,131,20,10,0,1,9,10,0,1010,10,60,0.0065
INDONESIA Airmadidi,1,25,46,124,58,35,1,1,8,10,0,1010,10,60,0.0065
INDONESIA Ambon,3,41,48,128,10,39,0,1,9,10,0,1010,10,60,0.0065
INDONESIA Amlapura,8,27,19,115,35,54,0,1,8,10,0,1010,10,60,0.0065
INDONESIA Ampana,0,52,5,121,35,9,0,1,8,10,0,1010,10,60,0.0065
INDONESIA Amuntai,2,25,14,115,15,17,0,1,8,10,0,1010,10,60,0.0065
INDONESIA Amurang,1,11,2,124,34,9,1,1,8,10,0,1010,10,60,0.0065
INDONESIA Andolo,4,20,43,122,11,50,0,1,8,10,0,1010,10,60,0.0065
INDONESIA Anggi,1,23,37,133,52,26,0,1,9,10,0,1010,10,60,0.0065
INDONESIA Arga Makmur,3,26,25,102,11,50,0,1,7,10,0,1010,10,60,0.0065
INDONESIA Arosuka,0,57,8,100,37,16,0,1,7,10,0,1010,10,60,0.0065
INDONESIA Atambua,9,6,19,124,53,45,0,1,8,10,0,1010,10,60,0.0065
INDONESIA Baa,10,43,38,123,2,53,0,1,8,10,0,1010,10,60,0.0065
INDONESIA Bagan Siapi-api,2,9,42,100,48,11,1,1,7,10,0,1010,10,60,0.0065
INDONESIA Bajawa,8,47,19,120,58,19,0,1,8,10,0,1010,10,60,0.0065
INDONESIA Balangnipa,5,7,28,120,15,21,0,1,8,10,0,1010,10,60,0.0065
INDONESIA Balige,2,19,54,99,3,5,1,1,7,10,0,1010,10,60,0.0065
INDONESIA Balikpapan,1,16,37,116,49,46,0,1,8,10,0,1010,10,60,0.0065
INDONESIA Banawa,0,40,4,119,44,32,0,1,8,10,0,1010,10,60,0.0065
INDONESIA Banda Aceh,5,33,13,95,19,2,1,1,7,10,0,1010,10,60,0.0065
INDONESIA Bandar Lampung,5,25,46,105,15,36,0,1,7,10,0,1010,10,60,0.0065
INDONESIA Bandar Seri Bentan,1,5,13,104,30,13,1,1,7,10,0,1010,10,60,0.0065
INDONESIA Bandung BMKG,7,5,0,107,36,0,0,1,7,730,0,1010,10,60,0.0065
INDONESIA Bandung,6,55,18,107,36,22,0,1,7,10,0,1010,10,60,0.0065
INDONESIA Banggai,1,35,23,123,30,5,0,1,8,10,0,1010,10,60,0.0065
INDONESIA Bangil,7,35,52,112,47,1,0,1,7,10,0,1010,10,60,0.0065
INDONESIA Bangkalan,7,1,45,112,44,47,0,1,7,10,0,1010,10,60,0.0065
INDONESIA Bangkinang,0,20,49,101,1,39,1,1,7,10,0,1010,10,60,0.0065
INDONESIA Bangko,2,4,8,102,16,20,0,1,7,10,0,1010,10,60,0.0065
INDONESIA Bangli,8,27,48,115,21,16,0,1,8,10,0,1010,10,60,0.0065
INDONESIA Banjar,7,22,11,108,32,28,0,1,7,10,0,1010,10,60,0.0065
INDONESIA Banjarbaru,3,27,41,114,49,28,0,1,8,10,0,1010,10,60,0.0065
INDONESIA Banjarmasin,3,19,9,114,35,29,0,1,8,10,0,1010,10,60,0.0065
INDONESIA Banjarnegara,7,23,46,109,41,39,0,1,7,10,0,1010,10,60,0.0065
INDONESIA Bantaeng,5,32,46,119,56,46,0,1,8,10,0,1010,10,60,0.0065
INDONESIA Bantul,7,52,47,110,19,55,0,1,7,10,0,1010,10,60,0.0065
INDONESIA Banyuwangi,8,12,35,114,22,22,0,1,7,10,0,1010,10,60,0.0065
INDONESIA Barabai,2,34,54,115,22,58,0,1,8,10,0,1010,10,60,0.0065
INDONESIA Barru,4,24,26,119,37,11,0,1,8,10,0,1010,10,60,0.0065
INDONESIA Batam,1,7,36,104,3,11,1,1,7,10,0,1010,10,60,0.0065
INDONESIA Batang,6,54,28,109,43,46,0,1,7,10,0,1010,10,60,0.0065
INDONESIA Batauga,5,35,24,122,35,48,0,1,8,10,0,1010,10,60,0.0065
INDONESIA Batu,7,52,13,112,31,35,0,1,7,10,0,1010,10,60,0.0065
INDONESIA Batulicin,3,27,3,116,0,7,0,1,8,10,0,1010,10,60,0.0065
INDONESIA Baturaja,4,7,18,104,10,16,0,1,7,10,0,1010,10,60,0.0065
INDONESIA Batusangkar,0,27,9,100,35,32,0,1,7,10,0,1010,10,60,0.0065
INDONESIA Bau-Bau,5,27,26,122,36,21,0,1,8,10,0,1010,10,60,0.0065
INDONESIA Bekasi,6,14,27,106,59,59,0,1,7,10,0,1010,10,60,0.0065
INDONESIA Belopa,3,23,33,120,22,3,0,1,8,10,0,1010,10,60,0.0065
INDONESIA Bengkalis,1,28,15,102,6,23,1,1,7,10,0,1010,10,60,0.0065
INDONESIA Bengkayang,0,49,35,109,28,59,1,1,7,10,0,1010,10,60,0.0065
INDONESIA Bengkulu,3,48,1,102,15,33,0,1,7,10,0,1010,10,60,0.0065
INDONESIA Benteng,6,7,4,120,27,36,0,1,8,10,0,1010,10,60,0.0065
INDONESIA Betun,9,33,50,124,54,31,0,1,8,10,0,1010,10,60,0.0065
INDONESIA Biak,1,11,9,136,5,14,0,1,9,10,0,1010,10,60,0.0065
INDONESIA Bima,8,27,12,118,43,47,0,1,8,10,0,1010,10,60,0.0065
INDONESIA Binjai,3,36,30,98,29,51,1,1,7,10,0,1010,10,60,0.0065
INDONESIA Bintuhan,4,47,6,103,20,42,0,1,7,10,0,1010,10,60,0.0065
INDONESIA Bintuni,2,6,40,133,31,26,0,1,9,10,0,1010,10,60,0.0065
INDONESIA Bireuen,5,11,53,96,42,9,1,1,7,10,0,1010,10,60,0.0065
INDONESIA Bitung,1,26,5,125,7,47,1,1,8,10,0,1010,10,60,0.0065
INDONESIA Blambangan Umpu,4,32,2,104,28,52,0,1,7,10,0,1010,10,60,0.0065
INDONESIA Blang Kejeren,3,59,50,97,20,19,1,1,7,10,0,1010,10,60,0.0065
INDONESIA Blangpidie,3,44,15,96,50,4,1,1,7,10,0,1010,10,60,0.0065
INDONESIA Blitar,8,5,53,112,9,51,0,1,7,10,0,1010,10,60,0.0065
INDONESIA Blora,6,58,9,111,24,45,0,1,7,10,0,1010,10,60,0.0065
INDONESIA Bobong,1,56,56,124,23,3,0,1,9,10,0,1010,10,60,0.0065
INDONESIA Bogor,6,36,27,106,48,32,0,1,7,10,0,1010,10,60,0.0065
INDONESIA Bojonegoro,7,8,58,111,52,51,0,1,7,10,0,1010,10,60,0.0065
INDONESIA Bolaang Uki,0,22,55,123,59,4,1,1,8,10,0,1010,10,60,0.0065
INDONESIA Bondowoso,7,54,46,113,49,16,0,1,7,10,0,1010,10,60,0.0065
INDONESIA Bontang,0,7,10,117,29,10,1,1,8,10,0,1010,10,60,0.0065
INDONESIA Bontosunggu,5,40,35,119,44,23,0,1,8,10,0,1010,10,60,0.0065
INDONESIA Boroko,0,54,24,123,15,55,1,1,8,10,0,1010,10,60,0.0065
INDONESIA Borong,8,49,8,120,36,48,0,1,8,10,0,1010,10,60,0.0065
INDONESIA Botawa,2,14,43,136,22,37,0,1,9,10,0,1010,10,60,0.0065
INDONESIA Boyolali,7,31,55,110,35,49,0,1,7,10,0,1010,10,60,0.0065
INDONESIA Brebes,6,52,15,109,2,10,0,1,7,10,0,1010,10,60,0.0065
INDONESIA Bukittinggi,0,18,18,100,22,22,0,1,7,10,0,1010,10,60,0.0065
INDONESIA Bula,3,6,9,130,29,10,0,1,9,10,0,1010,10,60,0.0065
INDONESIA Bulukumba,5,33,13,120,11,35,0,1,8,10,0,1010,10,60,0.0065
INDONESIA Bungku,2,32,39,121,58,18,0,1,8,10,0,1010,10,60,0.0065
INDONESIA Buntok,1,43,11,114,50,43,0,1,7,10,0,1010,10,60,0.0065
INDONESIA Buol,1,9,24,121,26,18,1,1,8,10,0,1010,10,60,0.0065
INDONESIA Buranga,4,47,3,123,10,50,0,1,8,10,0,1010,10,60,0.0065
INDONESIA Burmeso,2,19,47,138,2,40,0,1,9,10,0,1010,10,60,0.0065
INDONESIA Calang,4,38,5,95,34,52,1,1,7,10,0,1010,10,60,0.0065
INDONESIA Caruban,7,32,54,111,39,39,0,1,7,10,0,1010,10,60,0.0065
INDONESIA Ciamis,7,19,36,108,21,4,0,1,7,10,0,1010,10,60,0.0065
INDONESIA Cianjur,6,49,16,107,8,22,0,1,7,10,0,1010,10,60,0.0065
INDONESIA Cibinong,6,28,49,106,49,24,0,1,7,10,0,1010,10,60,0.0065
INDONESIA Cikarang,6,21,57,107,10,18,0,1,7,10,0,1010,10,60,0.0065
INDONESIA Cilacap,7,43,39,109,0,32,0,1,7,10,0,1010,10,60,0.0065
INDONESIA Cilegon,6,0,55,106,2,56,0,1,7,10,0,1010,10,60,0.0065
INDONESIA Cimahi,6,52,23,107,32,30,0,1,7,10,0,1010,10,60,0.0065
INDONESIA Ciputat,6,17,2,106,42,51,0,1,7,10,0,1010,10,60,0.0065
INDONESIA Cirebon,6,42,36,108,33,30,0,1,7,10,0,1010,10,60,0.0065
INDONESIA Ciruas,6,7,1,106,9,23,0,1,7,10,0,1010,10,60,0.0065
INDONESIA Curup,3,28,45,102,31,33,0,1,7,10,0,1010,10,60,0.0065
INDONESIA Daik,0,13,48,104,36,31,0,1,7,10,0,1010,10,60,0.0065
INDONESIA Daruba,2,2,44,128,21,45,1,1,9,10,0,1010,10,60,0.0065
INDONESIA Demak,6,53,41,110,38,15,0,1,7,10,0,1010,10,60,0.0065
INDONESIA Denpasar,8,39,31,115,12,49,0,1,8,10,0,1010,10,60,0.0065
INDONESIA Depok,6,23,3,106,46,20,0,1,7,10,0,1010,10,60,0.0065
INDONESIA Dobo,5,45,40,134,13,56,0,1,9,10,0,1010,10,60,0.0065
INDONESIA Dolok Sanggul,2,15,41,98,44,51,1,1,7,10,0,1010,10,60,0.0065
INDONESIA Dompu,8,32,24,118,27,28,0,1,8,10,0,1010,10,60,0.0065
INDONESIA Dumai,1,34,52,101,23,10,1,1,7,10,0,1010,10,60,0.0065
INDONESIA Elelim,3,49,6,139,24,26,0,1,9,10,0,1010,10,60,0.0065
INDONESIA Enarotali,3,55,54,136,22,24,0,1,9,10,0,1010,10,60,0.0065
INDONESIA Ende,8,51,15,121,39,17,0,1,8,10,0,1010,10,60,0.0065
INDONESIA Enrekang,3,33,47,119,46,25,0,1,8,10,0,1010,10,60,0.0065
INDONESIA Fakfak,2,55,56,132,17,46,0,1,9,10,0,1010,10,60,0.0065
INDONESIA Fef,0,30,7,132,5,6,0,1,9,10,0,1010,10,60,0.0065
INDONESIA Garut,7,12,59,107,54,3,0,1,7,10,0,1010,10,60,0.0065
INDONESIA Gedong Tataan,5,24,2,105,5,14,0,1,7,10,0,1010,10,60,0.0065
INDONESIA Gerung,8,40,7,116,8,7,0,1,8,10,0,1010,10,60,0.0065
INDONESIA Gianyar,8,32,35,115,19,30,0,1,8,10,0,1010,10,60,0.0065
INDONESIA Gorontalo,0,32,17,123,3,38,1,1,8,10,0,1010,10,60,0.0065
INDONESIA Gresik,7,9,59,112,36,51,0,1,7,10,0,1010,10,60,0.0065
INDONESIA Gunung Sitoli,1,13,48,97,39,8,1,1,7,10,0,1010,10,60,0.0065
INDONESIA Gunung Sitoli,1,17,38,97,36,35,1,1,7,10,0,1010,10,60,0.0065
INDONESIA Gunung Tua,1,30,27,99,37,28,1,1,7,10,0,1010,10,60,0.0065
INDONESIA Gunungsugih,4,58,50,105,12,42,0,1,7,10,0,1010,10,60,0.0065
INDONESIA Idi Rayeuk,4,56,57,97,46,23,1,1,7,10,0,1010,10,60,0.0065
INDONESIA Ilaga,4,0,5,137,37,44,0,1,9,10,0,1010,10,60,0.0065
INDONESIA Indralaya,3,11,27,104,40,56,0,1,7,10,0,1010,10,60,0.0065
INDONESIA Indramayu,6,19,37,108,19,19,0,1,7,10,0,1010,10,60,0.0065
INDONESIA Jailolo,1,3,57,127,28,2,1,1,9,10,0,1010,10,60,0.0065
INDONESIA Jakarta Barat,6,11,42,106,44,13,0,1,7,10,0,1010,10,60,0.0065
INDONESIA Jakarta Pusat,6,10,13,106,49,52,0,1,7,10,0,1010,10,60,0.0065
INDONESIA Jakarta Selatan,6,14,7,106,47,58,0,1,7,10,0,1010,10,60,0.0065
INDONESIA Jakarta Timur,6,17,53,106,53,3,0,1,7,10,0,1010,10,60,0.0065
INDONESIA Jakarta Utara,6,7,20,106,55,4,0,1,7,10,0,1010,10,60,0.0065
INDONESIA Jambi,1,35,39,103,36,30,0,1,7,10,0,1010,10,60,0.0065
INDONESIA Jantho,5,18,4,95,36,6,1,1,7,10,0,1010,10,60,0.0065
INDONESIA Jayapura,2,32,41,140,41,57,0,1,9,10,0,1010,10,60,0.0065
INDONESIA Jember,8,10,7,113,42,2,0,1,7,10,0,1010,10,60,0.0065
INDONESIA Jepara,6,35,28,110,39,59,0,1,7,10,0,1010,10,60,0.0065
INDONESIA Jombang,7,33,25,112,13,56,0,1,7,10,0,1010,10,60,0.0065
INDONESIA Kabanjahe,3,6,17,98,29,53,1,1,7,10,0,1010,10,60,0.0065
INDONESIA Kaimana,3,37,27,133,42,19,0,1,9,10,0,1010,10,60,0.0065
INDONESIA Kajen,7,1,36,109,35,25,0,1,7,10,0,1010,10,60,0.0065
INDONESIA Kalabahi,8,13,3,124,30,57,0,1,8,10,0,1010,10,60,0.0065
INDONESIA Kalianda,5,43,1,105,35,14,0,1,7,10,0,1010,10,60,0.0065
INDONESIA Kandangan,2,47,12,115,16,6,0,1,8,10,0,1010,10,60,0.0065
INDONESIA Kanigoro,8,7,48,112,13,5,0,1,7,10,0,1010,10,60,0.0065
INDONESIA Karang Baru,4,15,40,98,3,39,1,1,7,10,0,1010,10,60,0.0065
INDONESIA Karang Tinggi,3,44,48,102,25,30,0,1,7,10,0,1010,10,60,0.0065
INDONESIA Karanganyar,7,35,40,110,56,19,0,1,7,10,0,1010,10,60,0.0065
INDONESIA Karawang,6,18,38,107,17,33,0,1,7,10,0,1010,10,60,0.0065
INDONESIA Karubaga,3,41,20,138,28,52,0,1,9,10,0,1010,10,60,0.0065
INDONESIA Kasongan,1,54,49,113,23,29,0,1,7,10,0,1010,10,60,0.0065
INDONESIA Kayu Agung,3,23,36,104,50,2,0,1,7,10,0,1010,10,60,0.0065
INDONESIA Kebumen,7,40,8,109,39,1,0,1,7,10,0,1010,10,60,0.0065
INDONESIA Kediri,7,49,37,112,0,37,0,1,7,10,0,1010,10,60,0.0065
INDONESIA Kefamenanu,9,26,48,124,28,39,0,1,8,10,0,1010,10,60,0.0065
INDONESIA Kendal,6,55,14,110,12,11,0,1,7,10,0,1010,10,60,0.0065
INDONESIA Kendari,3,57,58,122,30,59,0,1,8,10,0,1010,10,60,0.0065
INDONESIA Kenyam,4,36,22,138,22,58,0,1,9,10,0,1010,10,60,0.0065
INDONESIA Kepahiang,3,38,29,102,34,28,0,1,7,10,0,1010,10,60,0.0065
INDONESIA Kepanjen,8,8,25,112,33,43,0,1,7,10,0,1010,10,60,0.0065
INDONESIA Kepi,6,31,43,139,19,13,0,1,9,10,0,1010,10,60,0.0065
INDONESIA Kepulauan Seribu,5,44,44,106,36,48,0,1,7,10,0,1010,10,60,0.0065
INDONESIA Ketapang,1,50,19,109,58,28,0,1,7,10,0,1010,10,60,0.0065
INDONESIA Kigamani,4,2,22,136,1,32,0,1,9,10,0,1010,10,60,0.0065
INDONESIA Kisaran,2,58,43,99,37,48,1,1,7,10,0,1010,10,60,0.0065
INDONESIA Klaten,7,41,24,110,36,59,0,1,7,10,0,1010,10,60,0.0065
INDONESIA Klungkung,8,32,14,115,24,11,0,1,8,10,0,1010,10,60,0.0065
INDONESIA Koba ,2,29,25,106,24,33,0,1,7,10,0,1010,10,60,0.0065
INDONESIA Kobakma,3,39,59,139,3,39,0,1,9,10,0,1010,10,60,0.0065
INDONESIA Kolaka,4,3,35,121,35,31,0,1,8,10,0,1010,10,60,0.0065
INDONESIA Kolonodale,1,59,36,121,20,20,0,1,8,10,0,1010,10,60,0.0065
INDONESIA Kota Manna,4,27,21,102,54,23,0,1,7,10,0,1010,10,60,0.0065
INDONESIA Kota Pinang,1,53,43,100,5,2,1,1,7,10,0,1010,10,60,0.0065
INDONESIA Kotaagung,5,29,34,104,37,23,0,1,7,10,0,1010,10,60,0.0065
INDONESIA Kotabaru,3,14,31,116,13,36,0,1,8,10,0,1010,10,60,0.0065
INDONESIA Kotabumi,4,49,9,104,52,47,0,1,7,10,0,1010,10,60,0.0065
INDONESIA Kotamobagu,0,44,15,124,18,59,1,1,8,10,0,1010,10,60,0.0065
INDONESIA Kotamulia,3,43,46,137,59,1,0,1,9,10,0,1010,10,60,0.0065
INDONESIA Kraksaan,7,45,38,113,24,56,0,1,7,10,0,1010,10,60,0.0065
INDONESIA Krui,5,11,12,103,56,1,0,1,7,10,0,1010,10,60,0.0065
INDONESIA Kuala Kapuas,2,57,54,114,24,58,0,1,7,10,0,1010,10,60,0.0065
INDONESIA Kuala Kurun,1,6,2,113,52,2,0,1,7,10,0,1010,10,60,0.0065
INDONESIA Kuala Pembuang,3,22,55,112,33,3,0,1,7,10,0,1010,10,60,0.0065
INDONESIA Kuala Tungkal,0,49,10,103,27,51,0,1,7,10,0,1010,10,60,0.0065
INDONESIA Kudus,6,48,15,110,49,58,0,1,7,10,0,1010,10,60,0.0065
INDONESIA Kumurkek,1,9,31,132,27,56,0,1,9,10,0,1010,10,60,0.0065
INDONESIA Kuningan,6,58,55,108,28,35,0,1,7,10,0,1010,10,60,0.0065
INDONESIA Kupang,10,9,53,123,34,47,0,1,8,10,0,1010,10,60,0.0065
INDONESIA Kutacane,3,29,6,97,48,40,1,1,7,10,0,1010,10,60,0.0065
INDONESIA Kwandang,0,50,9,122,54,57,1,1,8,10,0,1010,10,60,0.0065
INDONESIA Labuan Bajo,8,29,35,119,53,3,0,1,8,10,0,1010,10,60,0.0065
INDONESIA Labuha,0,37,29,127,28,38,0,1,9,10,0,1010,10,60,0.0065
INDONESIA Labungkari,5,17,31,122,29,47,0,1,8,10,0,1010,10,60,0.0065
INDONESIA Lahat,3,47,20,103,32,23,0,1,7,10,0,1010,10,60,0.0065
INDONESIA Lahomi,0,59,58,97,29,42,1,1,7,10,0,1010,10,60,0.0065
INDONESIA Lamongan,7,7,13,112,24,52,0,1,7,10,0,1010,10,60,0.0065
INDONESIA Langara,4,1,39,122,59,21,0,1,8,10,0,1010,10,60,0.0065
INDONESIA Langgur,5,38,58,132,44,1,0,1,9,10,0,1010,10,60,0.0065
INDONESIA Langsa,4,28,12,97,58,17,1,1,7,10,0,1010,10,60,0.0065
INDONESIA Larantuka,8,20,39,122,58,55,0,1,8,10,0,1010,10,60,0.0065
INDONESIA Lasusua,3,29,55,120,52,27,0,1,8,10,0,1010,10,60,0.0065
INDONESIA Laworo,4,47,25,122,29,34,0,1,8,10,0,1010,10,60,0.0065
INDONESIA Lewoleba,8,22,21,123,25,1,0,1,8,10,0,1010,10,60,0.0065
INDONESIA Lhoknga,5,28,0,95,14,32,1,1,7,10,0,1010,10,60,0.0065
INDONESIA Lhokseumawe,5,10,48,97,8,32,1,1,7,10,0,1010,10,60,0.0065
INDONESIA Lhoksukon,5,2,31,97,19,22,1,1,7,10,0,1010,10,60,0.0065
INDONESIA Limapuluh,3,10,8,99,25,3,1,1,7,10,0,1010,10,60,0.0065
INDONESIA Limboto,0,37,36,122,58,49,1,1,8,10,0,1010,10,60,0.0065
INDONESIA Liwa,5,2,11,104,4,58,0,1,7,10,0,1010,10,60,0.0065
INDONESIA Lolak,0,52,33,124,0,40,1,1,8,10,0,1010,10,60,0.0065
INDONESIA Lotu,1,23,50,97,21,17,1,1,7,10,0,1010,10,60,0.0065
INDONESIA Lubuk Basung,0,18,54,100,1,51,0,1,7,10,0,1010,10,60,0.0065
INDONESIA Lubuk Pakam,3,33,30,98,52,49,1,1,7,10,0,1010,10,60,0.0065
INDONESIA Lubuk Sikaping,0,8,20,100,9,57,1,1,7,10,0,1010,10,60,0.0065
INDONESIA Lubuklinggau,3,17,50,102,51,37,0,1,7,10,0,1010,10,60,0.0065
INDONESIA Lumajang,8,8,5,113,13,24,0,1,7,10,0,1010,10,60,0.0065
INDONESIA Luwuk,0,56,31,122,47,27,0,1,8,10,0,1010,10,60,0.0065
INDONESIA Maba,0,41,40,128,17,42,1,1,9,10,0,1010,10,60,0.0065
INDONESIA Madiun,7,37,46,111,30,56,0,1,7,10,0,1010,10,60,0.0065
INDONESIA Magelang,7,28,38,110,13,1,0,1,7,10,0,1010,10,60,0.0065
INDONESIA Magetan,7,39,22,111,19,38,0,1,7,10,0,1010,10,60,0.0065
INDONESIA Majalengka,6,50,8,108,13,37,0,1,7,10,0,1010,10,60,0.0065
INDONESIA Majene,3,32,57,118,57,31,0,1,8,10,0,1010,10,60,0.0065
INDONESIA Makale,3,6,24,119,51,10,0,1,8,10,0,1010,10,60,0.0065
INDONESIA Makassar,5,7,50,119,25,12,0,1,8,10,0,1010,10,60,0.0065
INDONESIA Malang,7,58,57,112,37,47,0,1,7,10,0,1010,10,60,0.0065
INDONESIA Malili,2,38,20,121,5,8,0,1,8,10,0,1010,10,60,0.0065
INDONESIA Malinau,3,34,12,116,36,15,1,1,8,10,0,1010,10,60,0.0065
INDONESIA Mamasa,2,56,31,119,22,36,0,1,8,10,0,1010,10,60,0.0065
INDONESIA Mamuju,2,40,30,118,53,19,0,1,8,10,0,1010,10,60,0.0065
INDONESIA Manado,1,29,16,124,50,36,1,1,8,10,0,1010,10,60,0.0065
INDONESIA Manggar,2,51,12,108,17,41,0,1,7,10,0,1010,10,60,0.0065
INDONESIA Manokwari,0,51,46,134,4,22,0,1,9,10,0,1010,10,60,0.0065
INDONESIA Marabahan,2,59,5,114,46,30,0,1,8,10,0,1010,10,60,0.0065
INDONESIA Marisa,0,28,8,121,55,54,1,1,8,10,0,1010,10,60,0.0065
INDONESIA Martapura,3,23,35,114,50,33,0,1,8,10,0,1010,10,60,0.0065
INDONESIA Martapura,4,18,58,104,20,47,0,1,7,10,0,1010,10,60,0.0065
INDONESIA Masamba,2,33,13,120,19,40,0,1,8,10,0,1010,10,60,0.0065
INDONESIA Masohi,3,18,17,128,57,34,0,1,9,10,0,1010,10,60,0.0065
INDONESIA Mataram,8,34,48,116,6,3,0,1,8,10,0,1010,10,60,0.0065
INDONESIA Maumere,8,37,9,122,13,1,0,1,8,10,0,1010,10,60,0.0065
INDONESIA Mbay,8,31,12,121,17,45,0,1,8,10,0,1010,10,60,0.0065
INDONESIA Medan,3,34,31,98,41,15,1,1,7,10,0,1010,10,60,0.0065
INDONESIA Melonguane,4,0,21,126,40,38,1,1,8,10,0,1010,10,60,0.0065
INDONESIA Mempawah,0,21,57,108,57,8,1,1,7,10,0,1010,10,60,0.0065
INDONESIA Menggala,4,29,41,105,13,13,0,1,7,10,0,1010,10,60,0.0065
INDONESIA Mengwi,8,36,8,115,10,44,0,1,8,10,0,1010,10,60,0.0065
INDONESIA Mentok,3,1,12,106,30,31,0,1,7,10,0,1010,10,60,0.0065
INDONESIA Merauke,8,29,38,140,24,3,0,1,9,10,0,1010,10,60,0.0065
INDONESIA Metro,5,6,53,105,18,25,0,1,7,10,0,1010,10,60,0.0065
INDONESIA Meulaboh,4,9,32,96,7,29,1,1,7,10,0,1010,10,60,0.0065
INDONESIA Meureudu,5,13,59,96,15,42,1,1,7,10,0,1010,10,60,0.0065
INDONESIA Mojokerto,7,27,48,112,25,52,0,1,7,10,0,1010,10,60,0.0065
INDONESIA Mojosari,7,31,14,112,33,33,0,1,7,10,0,1010,10,60,0.0065
INDONESIA Muara Aman,3,7,12,102,11,59,0,1,7,10,0,1010,10,60,0.0065
INDONESIA Muara Beliti,3,14,31,103,0,41,0,1,7,10,0,1010,10,60,0.0065
INDONESIA Muara Bulian,1,42,42,103,15,18,0,1,7,10,0,1010,10,60,0.0065
INDONESIA Muara Enim,3,39,17,103,46,36,0,1,7,10,0,1010,10,60,0.0065
INDONESIA Muara Sabak,1,7,39,103,51,17,0,1,7,10,0,1010,10,60,0.0065
INDONESIA Muara Tebo,1,29,20,102,26,34,0,1,7,10,0,1010,10,60,0.0065
INDONESIA Muara Teweh,0,57,35,114,53,36,0,1,7,10,0,1010,10,60,0.0065
INDONESIA Muaradua,4,32,1,104,4,26,0,1,7,10,0,1010,10,60,0.0065
INDONESIA Muaro Bungo,1,28,59,102,6,55,0,1,7,10,0,1010,10,60,0.0065
INDONESIA Muaro Sijunjung,0,39,39,100,55,53,0,1,7,10,0,1010,10,60,0.0065
INDONESIA Mukomuko,2,34,41,101,7,3,0,1,7,10,0,1010,10,60,0.0065
INDONESIA Mungkid,7,35,38,110,13,13,0,1,7,10,0,1010,10,60,0.0065
INDONESIA Nabire,3,21,58,135,29,39,0,1,9,10,0,1010,10,60,0.0065
INDONESIA Namlea,3,15,29,127,5,57,0,1,9,10,0,1010,10,60,0.0065
INDONESIA Namrole,3,47,33,126,50,29,0,1,9,10,0,1010,10,60,0.0065
INDONESIA Nanga Bulik,2,8,27,111,22,14,0,1,7,10,0,1010,10,60,0.0065
INDONESIA Nanga Pinoh,0,19,54,111,44,12,0,1,7,10,0,1010,10,60,0.0065
INDONESIA Negara,8,20,38,114,34,11,0,1,8,10,0,1010,10,60,0.0065
INDONESIA Ngabang,0,22,51,109,57,13,1,1,7,10,0,1010,10,60,0.0065
INDONESIA Ngamprah,6,50,56,107,31,5,0,1,7,10,0,1010,10,60,0.0065
INDONESIA Nganjuk,7,36,10,111,54,1,0,1,7,10,0,1010,10,60,0.0065
INDONESIA Ngasem,7,49,10,112,2,30,0,1,7,10,0,1010,10,60,0.0065
INDONESIA Ngawi,7,24,11,111,26,36,0,1,7,10,0,1010,10,60,0.0065
INDONESIA Nunukan,4,8,31,117,38,55,1,1,8,10,0,1010,10,60,0.0065
INDONESIA Oelamasi,10,5,30,123,51,20,0,1,8,10,0,1010,10,60,0.0065
INDONESIA Oksibil,4,54,15,140,37,59,0,1,9,10,0,1010,10,60,0.0065
INDONESIA Ondong Siau,2,44,32,125,21,38,1,1,8,10,0,1010,10,60,0.0065
INDONESIA Pacitan,8,11,41,111,6,5,0,1,7,10,0,1010,10,60,0.0065
INDONESIA Padang Aro,1,33,2,101,14,59,0,1,7,10,0,1010,10,60,0.0065
INDONESIA Padang Sidempuan,1,22,26,99,16,14,1,1,7,10,0,1010,10,60,0.0065
INDONESIA Padang,0,55,28,100,21,44,0,1,7,10,0,1010,10,60,0.0065
INDONESIA Padangpanjang,0,27,56,100,24,7,0,1,7,10,0,1010,10,60,0.0065
INDONESIA Pagar Alam,4,1,17,103,15,2,0,1,7,10,0,1010,10,60,0.0065
INDONESIA Painan,1,20,44,100,34,45,0,1,7,10,0,1010,10,60,0.0065
INDONESIA Palangka Raya,2,13,51,113,53,25,0,1,7,10,0,1010,10,60,0.0065
INDONESIA Palembang,2,59,17,104,45,38,0,1,7,10,0,1010,10,60,0.0065
INDONESIA Palopo,2,59,41,120,11,32,0,1,8,10,0,1010,10,60,0.0065
INDONESIA Palu,0,53,39,119,51,10,0,1,8,10,0,1010,10,60,0.0065
INDONESIA Pamekasan,7,9,38,113,28,54,0,1,7,10,0,1010,10,60,0.0065
INDONESIA Panaragan,4,30,9,105,5,27,0,1,7,10,0,1010,10,60,0.0065
INDONESIA Pandan,1,40,57,98,49,58,1,1,7,10,0,1010,10,60,0.0065
INDONESIA Pandeglang,6,18,32,106,6,16,0,1,7,10,0,1010,10,60,0.0065
INDONESIA Pangkajene,4,50,14,119,32,43,0,1,8,10,0,1010,10,60,0.0065
INDONESIA Pangkal Pinang,2,7,47,106,6,43,0,1,7,10,0,1010,10,60,0.0065
INDONESIA Pangkalan Balai,2,54,50,104,24,25,0,1,7,10,0,1010,10,60,0.0065
INDONESIA Pangkalan Bun,2,40,17,111,38,13,0,1,7,10,0,1010,10,60,0.0065
INDONESIA Pangkalan Kerinci,0,24,6,101,51,28,1,1,7,10,0,1010,10,60,0.0065
INDONESIA Panguruan,2,36,24,98,41,44,1,1,7,10,0,1010,10,60,0.0065
INDONESIA Panyabungan,0,51,39,99,33,47,1,1,7,10,0,1010,10,60,0.0065
INDONESIA Parapat,2,40,3,98,56,18,1,1,7,10,0,1010,10,60,0.0065
INDONESIA Parepare,4,0,35,119,38,11,0,1,8,10,0,1010,10,60,0.0065
INDONESIA Pariaman,0,37,44,100,7,11,0,1,7,10,0,1010,10,60,0.0065
INDONESIA Parigi Sulteng,0,48,20,120,10,32,0,1,8,10,0,1010,10,60,0.0065
INDONESIA Parigi Jabar,7,42,6,108,29,39,0,1,7,10,0,1010,10,60,0.0065
INDONESIA Paringin,2,21,13,115,28,6,0,1,8,10,0,1010,10,60,0.0065
INDONESIA Parit Malintang,0,37,58,100,16,43,0,1,7,10,0,1010,10,60,0.0065
INDONESIA Pasangkayu,1,10,28,119,21,45,0,1,8,10,0,1010,10,60,0.0065
INDONESIA Pasarwajo,5,29,59,122,50,44,0,1,8,10,0,1010,10,60,0.0065
INDONESIA Pasir Pengaraian,0,53,46,100,18,30,1,1,7,10,0,1010,10,60,0.0065
INDONESIA Pasuruan,7,38,29,112,54,21,0,1,7,10,0,1010,10,60,0.0065
INDONESIA Pati,6,45,14,111,2,21,0,1,7,10,0,1010,10,60,0.0065
INDONESIA Pattallassang,5,25,15,119,26,30,0,1,8,10,0,1010,10,60,0.0065
INDONESIA Payakumbuh,0,13,28,100,38,6,0,1,7,10,0,1010,10,60,0.0065
INDONESIA Pekalongan,6,53,25,109,40,31,0,1,7,10,0,1010,10,60,0.0065
INDONESIA Pekan baru,0,31,36,101,27,3,1,1,7,10,0,1010,10,60,0.0065
INDONESIA Pelabuhan Ratu,6,59,18,106,33,2,0,1,7,10,0,1010,10,60,0.0065
INDONESIA Pelaihari,3,47,58,114,45,52,0,1,8,10,0,1010,10,60,0.0065
INDONESIA Pemalang,6,53,27,109,22,47,0,1,7,10,0,1010,10,60,0.0065
INDONESIA Pematangsiantar,2,57,15,99,3,27,1,1,7,10,0,1010,10,60,0.0065
INDONESIA Penajam,1,18,4,116,44,13,0,1,8,10,0,1010,10,60,0.0065
INDONESIA Pinrang,3,48,37,119,39,4,0,1,8,10,0,1010,10,60,0.0065
INDONESIA POB Cibeas,7,4,26,106,31,52,0,1,7,137,0,1010,10,60,0.0065
INDONESIA Piru,3,3,48,128,11,19,0,1,9,10,0,1010,10,60,0.0065
INDONESIA Polewali,3,24,51,119,19,2,0,1,8,10,0,1010,10,60,0.0065
INDONESIA Ponorogo,7,52,17,111,27,37,0,1,7,10,0,1010,10,60,0.0065
INDONESIA Pontianak,0,2,29,109,20,11,0,1,7,10,0,1010,10,60,0.0065
INDONESIA Poso,1,23,25,120,45,20,0,1,8,10,0,1010,10,60,0.0065
INDONESIA Prabumulih,3,25,24,104,14,30,0,1,7,10,0,1010,10,60,0.0065
INDONESIA Praya,8,42,10,116,16,4,0,1,8,10,0,1010,10,60,0.0065
INDONESIA Pringsewu,5,20,53,104,58,19,0,1,7,10,0,1010,10,60,0.0065
INDONESIA Probolinggo,7,44,39,113,12,54,0,1,7,10,0,1010,10,60,0.0065
INDONESIA Pulang Pisau,2,45,2,114,15,43,0,1,7,10,0,1010,10,60,0.0065
INDONESIA Purbalingga,7,23,21,109,21,44,0,1,7,10,0,1010,10,60,0.0065
INDONESIA Purukcahu,0,38,27,114,34,8,0,1,7,10,0,1010,10,60,0.0065
INDONESIA Purwakarta,6,33,21,107,26,28,0,1,7,10,0,1010,10,60,0.0065
INDONESIA Purwodadi,7,4,52,110,54,59,0,1,7,10,0,1010,10,60,0.0065
INDONESIA Purwokerto,7,25,28,109,13,45,0,1,7,10,0,1010,10,60,0.0065
INDONESIA Purworejo,7,42,44,110,0,28,0,1,7,10,0,1010,10,60,0.0065
INDONESIA Putussibau,0,52,17,112,55,25,1,1,7,10,0,1010,10,60,0.0065
INDONESIA Raha,4,50,16,122,43,43,0,1,8,10,0,1010,10,60,0.0065
INDONESIA Ranai,3,57,10,108,23,1,1,1,7,10,0,1010,10,60,0.0065
INDONESIA Rangkasbitung,6,21,36,106,14,44,0,1,7,10,0,1010,10,60,0.0065
INDONESIA Ransiki,1,30,41,134,11,36,0,1,9,10,0,1010,10,60,0.0065
INDONESIA Rantau Prapat,2,5,42,99,50,3,1,1,7,10,0,1010,10,60,0.0065
INDONESIA Rantau,2,55,51,115,9,41,0,1,8,10,0,1010,10,60,0.0065
INDONESIA Rantepao,2,58,7,119,53,56,0,1,8,10,0,1010,10,60,0.0065
INDONESIA Rasiei,2,48,48,134,31,56,0,1,9,10,0,1010,10,60,0.0065
INDONESIA Ratahan,1,3,17,124,48,6,1,1,8,10,0,1010,10,60,0.0065
INDONESIA Rembang,6,42,21,111,20,53,0,1,7,10,0,1010,10,60,0.0065
INDONESIA Rengat,0,23,27,102,26,25,0,1,7,10,0,1010,10,60,0.0065
INDONESIA Rumbia,4,44,51,122,0,37,0,1,8,10,0,1010,10,60,0.0065
INDONESIA Rupit,2,42,31,102,54,36,0,1,7,10,0,1010,10,60,0.0065
INDONESIA Ruteng,8,37,11,120,27,44,0,1,8,10,0,1010,10,60,0.0065
INDONESIA Sabang,5,53,38,95,19,27,1,1,7,10,0,1010,10,60,0.0065
INDONESIA Salak,2,32,31,98,19,26,1,1,7,10,0,1010,10,60,0.0065
INDONESIA Salakan,1,18,32,123,17,33,0,1,8,10,0,1010,10,60,0.0065
INDONESIA Salatiga,7,19,47,110,29,56,0,1,7,10,0,1010,10,60,0.0065
INDONESIA Samarinda,0,30,9,117,7,14,0,1,8,10,0,1010,10,60,0.0065
INDONESIA Sambas,1,21,42,109,18,26,1,1,7,10,0,1010,10,60,0.0065
INDONESIA Sampang,7,11,42,113,15,7,0,1,7,10,0,1010,10,60,0.0065
INDONESIA Sampit,2,32,43,112,57,49,0,1,7,10,0,1010,10,60,0.0065
INDONESIA Sanana,2,3,46,125,58,49,0,1,9,10,0,1010,10,60,0.0065
INDONESIA Sangatta,0,31,19,117,36,37,1,1,8,10,0,1010,10,60,0.0065
INDONESIA Sanggau,0,7,29,110,36,9,1,1,7,10,0,1010,10,60,0.0065
INDONESIA Sarilamak,0,9,3,100,39,50,0,1,7,10,0,1010,10,60,0.0065
INDONESIA Sarmi,1,52,44,138,45,16,0,1,9,10,0,1010,10,60,0.0065
INDONESIA Saumlaki,7,58,29,131,18,15,0,1,9,10,0,1010,10,60,0.0065
INDONESIA Sawahlunto,0,40,38,100,46,29,0,1,7,10,0,1010,10,60,0.0065
INDONESIA Seba,10,27,22,121,52,37,0,1,8,10,0,1010,10,60,0.0065
INDONESIA Sei Rampah,3,30,21,99,6,44,1,1,7,10,0,1010,10,60,0.0065
INDONESIA Sekadau,0,0,59,110,53,59,1,1,7,10,0,1010,10,60,0.0065
INDONESIA Sekayu,2,53,9,103,50,10,0,1,7,10,0,1010,10,60,0.0065
INDONESIA Selat Panjang,1,0,52,102,42,47,1,1,7,10,0,1010,10,60,0.0065
INDONESIA Selong,8,39,3,116,32,18,0,1,8,10,0,1010,10,60,0.0065
INDONESIA Semarang,6,59,1,110,26,44,0,1,7,10,0,1010,10,60,0.0065
INDONESIA Sendawar,0,13,59,115,41,11,0,1,8,10,0,1010,10,60,0.0065
INDONESIA Sengeti,1,27,16,103,30,39,0,1,7,10,0,1010,10,60,0.0065
INDONESIA Sengkang,4,8,25,120,1,53,0,1,8,10,0,1010,10,60,0.0065
INDONESIA Sentani,2,32,4,140,27,31,0,1,9,10,0,1010,10,60,0.0065
INDONESIA Serang,6,7,1,106,9,23,0,1,7,10,0,1010,10,60,0.0065
INDONESIA Serui,1,53,7,136,14,30,0,1,9,10,0,1010,10,60,0.0065
INDONESIA Siak Sri Indrapura,0,48,44,102,1,44,1,1,7,10,0,1010,10,60,0.0065
INDONESIA Sibolga,1,44,17,98,46,43,1,1,7,10,0,1010,10,60,0.0065
INDONESIA Sibuhuan,1,3,15,99,43,57,1,1,7,10,0,1010,10,60,0.0065
INDONESIA Sidikalang,2,44,50,98,18,52,1,1,7,10,0,1010,10,60,0.0065
INDONESIA Sidoarjo,7,26,45,112,42,59,0,1,7,10,0,1010,10,60,0.0065
INDONESIA Sigi Biromaru,0,54,6,119,52,29,0,1,8,10,0,1010,10,60,0.0065
INDONESIA Sigli,5,22,52,95,57,29,1,1,7,10,0,1010,10,60,0.0065
INDONESIA Simpang Ampek,0,6,27,99,49,24,1,1,7,10,0,1010,10,60,0.0065
INDONESIA Simpang Tiga Redelong,4,43,32,96,52,14,1,1,7,10,0,1010,10,60,0.0065
INDONESIA Sinabang,2,28,47,96,22,50,1,1,7,10,0,1010,10,60,0.0065
INDONESIA Singaparna,7,20,59,108,6,35,0,1,7,10,0,1010,10,60,0.0065
INDONESIA Singaraja,8,6,22,115,5,21,0,1,8,10,0,1010,10,60,0.0065
INDONESIA Singkawang,0,54,39,108,59,20,1,1,7,10,0,1010,10,60,0.0065
INDONESIA Singkil,2,17,3,97,47,16,1,1,7,10,0,1010,10,60,0.0065
INDONESIA Sintang,0,4,33,111,29,44,1,1,7,10,0,1010,10,60,0.0065
INDONESIA Sipirok,1,36,5,99,16,25,1,1,7,10,0,1010,10,60,0.0065
INDONESIA Situbondo,7,42,25,114,0,16,0,1,7,10,0,1010,10,60,0.0065
INDONESIA Siulak,1,58,5,101,21,23,0,1,7,10,0,1010,10,60,0.0065
INDONESIA Slawi,6,58,29,109,8,20,0,1,7,10,0,1010,10,60,0.0065
INDONESIA Sleman,7,42,53,110,21,19,0,1,7,10,0,1010,10,60,0.0065
INDONESIA Soa-Siu,0,39,7,127,26,42,1,1,9,10,0,1010,10,60,0.0065
INDONESIA Soe,9,51,43,124,16,17,0,1,8,10,0,1010,10,60,0.0065
INDONESIA Sofifi,0,44,12,127,33,35,1,1,9,10,0,1010,10,60,0.0065
INDONESIA Solok,0,47,46,100,39,48,0,1,7,10,0,1010,10,60,0.0065
INDONESIA Soreang,7,1,15,107,31,44,0,1,7,10,0,1010,10,60,0.0065
INDONESIA Sorendiweri,0,44,4,135,44,12,0,1,9,10,0,1010,10,60,0.0065
INDONESIA Sorolangun,2,18,11,102,43,28,0,1,7,10,0,1010,10,60,0.0065
INDONESIA Sorong,0,52,56,131,16,56,0,1,9,10,0,1010,10,60,0.0065
INDONESIA Sragen,7,25,44,111,1,3,0,1,7,10,0,1010,10,60,0.0065
INDONESIA Stabat,3,45,46,98,26,59,1,1,7,10,0,1010,10,60,0.0065
INDONESIA Subang,6,34,14,107,45,39,0,1,7,10,0,1010,10,60,0.0065
INDONESIA Subulussalam,2,39,15,98,0,7,1,1,7,10,0,1010,10,60,0.0065
INDONESIA Sugapa,3,44,22,137,2,22,0,1,9,10,0,1010,10,60,0.0065
INDONESIA Suka Makmue,4,10,34,96,18,24,1,1,7,10,0,1010,10,60,0.0065
INDONESIA Sukabumi,6,55,17,106,55,31,0,1,7,10,0,1010,10,60,0.0065
INDONESIA Sukadana,1,14,29,109,56,58,0,1,7,10,0,1010,10,60,0.0065
INDONESIA Sukadana,5,3,59,105,33,3,0,1,7,10,0,1010,10,60,0.0065
INDONESIA Sukamara,2,44,10,111,9,59,0,1,7,10,0,1010,10,60,0.0065
INDONESIA Sukoharjo,7,41,11,110,50,37,0,1,7,10,0,1010,10,60,0.0065
INDONESIA Sumbawa Besar,8,30,10,117,25,31,0,1,8,10,0,1010,10,60,0.0065
INDONESIA Sumber,6,45,50,108,28,42,0,1,7,10,0,1010,10,60,0.0065
INDONESIA Sumedang,6,51,35,107,55,12,0,1,7,10,0,1010,10,60,0.0065
INDONESIA Sumenep,7,0,29,113,51,32,0,1,7,10,0,1010,10,60,0.0065
INDONESIA Sumohai,4,29,41,139,29,45,0,1,9,10,0,1010,10,60,0.0065
INDONESIA Sungai Dareh,0,57,21,101,30,6,0,1,7,10,0,1010,10,60,0.0065
INDONESIA Sungai Penuh,2,3,59,101,23,38,0,1,7,10,0,1010,10,60,0.0065
INDONESIA Sungai Raya,0,7,51,109,24,28,0,1,7,10,0,1010,10,60,0.0065
INDONESIA Sungailiat,1,52,53,106,6,14,0,1,7,10,0,1010,10,60,0.0065
INDONESIA Sungguminasa,5,12,8,119,27,3,0,1,8,10,0,1010,10,60,0.0065
INDONESIA Surabaya,7,20,12,112,42,54,0,1,7,10,0,1010,10,60,0.0065
INDONESIA Surakarta,7,34,29,110,49,37,0,1,7,10,0,1010,10,60,0.0065
INDONESIA Suwawa,0,33,6,123,8,19,1,1,8,10,0,1010,10,60,0.0065
INDONESIA Tabanan,8,32,28,115,7,29,0,1,8,10,0,1010,10,60,0.0065
INDONESIA Tahuna,3,36,32,125,29,17,1,1,8,10,0,1010,10,60,0.0065
INDONESIA Tais,4,4,30,102,35,9,0,1,7,10,0,1010,10,60,0.0065
INDONESIA Takengon,4,37,59,96,50,34,1,1,7,10,0,1010,10,60,0.0065
INDONESIA Talang Ubi,3,16,23,103,49,27,0,1,7,10,0,1010,10,60,0.0065
INDONESIA Taliwang,8,45,13,116,51,4,0,1,8,10,0,1010,10,60,0.0065
INDONESIA Tambolaka,9,23,39,119,13,18,0,1,8,10,0,1010,10,60,0.0065
INDONESIA Tamiang Layang,2,7,5,115,10,18,0,1,7,10,0,1010,10,60,0.0065
INDONESIA Tana Paser,1,54,38,116,11,57,0,1,8,10,0,1010,10,60,0.0065
INDONESIA Tanah Merah,6,5,53,140,17,49,0,1,9,10,0,1010,10,60,0.0065
INDONESIA Tangerang,6,10,12,106,38,20,0,1,7,10,0,1010,10,60,0.0065
INDONESIA Tanjung Balai Karimun,1,1,33,103,23,26,1,1,7,10,0,1010,10,60,0.0065
INDONESIA Tanjung Balai,2,57,55,99,48,2,1,1,7,10,0,1010,10,60,0.0065
INDONESIA Tanjung Pandan,2,44,30,107,38,17,0,1,7,10,0,1010,10,60,0.0065
INDONESIA Tanjung Pinang,0,55,41,104,26,35,1,1,7,10,0,1010,10,60,0.0065
INDONESIA Tanjung,2,10,54,115,26,23,0,1,8,10,0,1010,10,60,0.0065
INDONESIA Tanjung,8,21,16,116,9,31,0,1,8,10,0,1010,10,60,0.0065
INDONESIA Tanjungredep,2,9,4,117,30,15,1,1,8,10,0,1010,10,60,0.0065
INDONESIA Tanjungselor,2,50,39,117,21,54,1,1,8,10,0,1010,10,60,0.0065
INDONESIA Tapak Tuan,3,15,29,97,10,46,1,1,7,10,0,1010,10,60,0.0065
INDONESIA Tarakan,3,17,55,117,37,12,1,1,8,10,0,1010,10,60,0.0065
INDONESIA Tarempa,3,13,1,106,12,58,1,1,7,10,0,1010,10,60,0.0065
INDONESIA Tarutung,2,1,16,98,57,54,1,1,7,10,0,1010,10,60,0.0065
INDONESIA Tasikmalaya,7,19,34,108,13,12,0,1,7,10,0,1010,10,60,0.0065
INDONESIA Tebing Tinggi,3,19,46,99,9,36,1,1,7,10,0,1010,10,60,0.0065
INDONESIA Tebing Tinggi,3,35,40,103,5,12,0,1,7,10,0,1010,10,60,0.0065
INDONESIA Tegal,6,52,3,109,8,14,0,1,7,10,0,1010,10,60,0.0065
INDONESIA Teluk Dalam,0,34,8,97,49,12,1,1,7,10,0,1010,10,60,0.0065
INDONESIA Teluk Kuantan,0,31,17,101,32,5,0,1,7,10,0,1010,10,60,0.0065
INDONESIA Temanggung,7,18,59,110,10,29,0,1,7,10,0,1010,10,60,0.0065
INDONESIA Tembilahan,0,19,46,103,9,24,0,1,7,10,0,1010,10,60,0.0065
INDONESIA Teminabuan,1,26,35,132,0,44,0,1,9,10,0,1010,10,60,0.0065
INDONESIA Tenggarong,0,24,47,116,59,13,0,1,8,10,0,1010,10,60,0.0065
INDONESIA Ternate,0,47,55,127,23,8,1,1,9,10,0,1010,10,60,0.0065
INDONESIA Tiakur,8,10,14,127,47,20,0,1,9,10,0,1010,10,60,0.0065
INDONESIA Tideng Pale,3,36,32,116,54,29,1,1,8,10,0,1010,10,60,0.0065
INDONESIA Tigaraksa,6,16,42,106,29,8,0,1,7,10,0,1010,10,60,0.0065
INDONESIA Tigi,4,2,28,136,16,44,0,1,9,10,0,1010,10,60,0.0065
INDONESIA Tilamuta,0,31,43,122,20,39,1,1,8,10,0,1010,10,60,0.0065
INDONESIA Timika,4,32,50,136,53,30,0,1,9,10,0,1010,10,60,0.0065
INDONESIA Tiom,3,55,37,138,27,50,0,1,9,10,0,1010,10,60,0.0065
INDONESIA Tirawuta,4,1,34,121,55,18,0,1,8,10,0,1010,10,60,0.0065
INDONESIA Tobadak,2,5,33,119,29,20,0,1,8,10,0,1010,10,60,0.0065
INDONESIA Tobelo,1,43,34,128,0,36,1,1,9,10,0,1010,10,60,0.0065
INDONESIA Toboali,2,3,19,105,10,52,0,1,7,10,0,1010,10,60,0.0065
INDONESIA Toli-Toli,1,2,23,120,49,6,1,1,8,10,0,1010,10,60,0.0065
INDONESIA Tomohon,1,19,9,124,50,16,1,1,8,10,0,1010,10,60,0.0065
INDONESIA Tondano,1,17,47,124,54,48,1,1,8,10,0,1010,10,60,0.0065
INDONESIA Trenggalek,8,2,58,111,42,34,0,1,7,10,0,1010,10,60,0.0065
INDONESIA Tua Pejat,2,2,32,99,34,57,0,1,7,10,0,1010,10,60,0.0065
INDONESIA Tual,5,39,2,132,44,13,0,1,9,10,0,1010,10,60,0.0065
INDONESIA Tuban,6,53,43,112,3,51,0,1,7,10,0,1010,10,60,0.0065
INDONESIA Tulungagung,8,3,53,111,53,59,0,1,7,10,0,1010,10,60,0.0065
INDONESIA Turikale,5,0,24,119,34,26,0,1,8,10,0,1010,10,60,0.0065
INDONESIA Tutuyan,0,45,51,124,36,53,1,1,8,10,0,1010,10,60,0.0065
INDONESIA Ujoh Bilang,0,30,6,115,16,14,1,1,8,10,0,1010,10,60,0.0065
INDONESIA Unaaha,3,51,16,122,2,59,0,1,8,10,0,1010,10,60,0.0065
INDONESIA Ungaran,7,8,7,110,24,32,0,1,7,10,0,1010,10,60,0.0065
INDONESIA Waibakul,9,35,26,119,34,37,0,1,8,10,0,1010,10,60,0.0065
INDONESIA Waikabubak,9,38,2,119,24,38,0,1,8,10,0,1010,10,60,0.0065
INDONESIA Waingapu,9,38,43,120,15,28,0,1,8,10,0,1010,10,60,0.0065
INDONESIA Waisai,0,25,27,130,49,13,0,1,9,10,0,1010,10,60,0.0065
INDONESIA Wamena,4,5,59,138,56,31,0,1,9,10,0,1010,10,60,0.0065
INDONESIA Wanggudu,3,30,54,122,6,31,0,1,8,10,0,1010,10,60,0.0065
INDONESIA Wangi-Wangi,5,19,29,123,32,10,0,1,8,10,0,1010,10,60,0.0065
INDONESIA Waris,2,54,24,140,45,1,0,1,9,10,0,1010,10,60,0.0065
INDONESIA Watampone,4,32,4,120,19,45,0,1,8,10,0,1010,10,60,0.0065
INDONESIA Watan Sidenreng,3,55,18,119,47,11,0,1,8,10,0,1010,10,60,0.0065
INDONESIA Watansoppeng,4,20,59,119,53,11,0,1,8,10,0,1010,10,60,0.0065
INDONESIA Wates,7,52,3,110,8,55,0,1,7,10,0,1010,10,60,0.0065
INDONESIA Weda,0,19,52,127,52,41,1,1,9,10,0,1010,10,60,0.0065
INDONESIA Wiraga Mulya,3,52,24,105,25,41,0,1,7,10,0,1010,10,60,0.0065
INDONESIA Woha,8,30,23,118,37,11,0,1,8,10,0,1010,10,60,0.0065
INDONESIA Wonogiri,7,48,53,110,55,30,0,1,7,10,0,1010,10,60,0.0065
INDONESIA Wonosari,7,57,51,110,35,59,0,1,7,10,0,1010,10,60,0.0065
INDONESIA Wonosobo,7,21,34,109,54,4,0,1,7,10,0,1010,10,60,0.0065
INDONESIA Yogyakarta,7,47,11,110,22,9,0,1,7,10,0,1010,10,60,0.0065
IRAN Abadan,30,22,0,48,14,0,1,1,3.5,0,0,1010,10,60,0.0065
IRAN Ahwaz,31,20,0,48,46,0,1,1,3.5,0,0,1010,10,60,0.0065
IRAN Bandar Abbas,27,14,0,56,23,0,1,1,3.5,0,0,1010,10,60,0.0065
IRAN Bandar Lengeh,26,32,0,54,49,0,1,1,3.5,0,0,1010,10,60,0.0065
IRAN Bushehr,28,57,0,50,50,0,1,1,3.5,0,0,1010,10,60,0.0065
IRAN Esfahan Ahmadian,32,45,0,52,23,0,1,1,3.5,3350,0,1010,10,60,0.0065
IRAN Esfahan,32,39,5,51,40,45,1,1,3.5,1574,0,1010,10,60,0.0065
IRAN Esfahan_Hilal,32,40,0,51,15,0,1,1,3.5,1574,0,1010,10,60,0.0065
IRAN Kerman,30,16,0,56,57,0,1,1,3.5,0,0,1010,10,60,0.0065
IRAN Kermanshah,34,21,0,47,9,0,1,1,3.5,0,0,1010,10,60,0.0065
IRAN Mashad,36,14,0,59,39,0,1,1,3.5,0,0,1010,10,60,0.0065
IRAN Rasht,37,20,0,49,37,0,1,1,3.5,0,0,1010,10,60,0.0065
IRAN Shiraz,29,32,0,52,35,0,1,1,3.5,0,0,1010,10,60,0.0065
IRAN Tabriz,38,8,0,46,15,0,1,1,3.5,0,0,1010,10,60,0.0065
IRAN Teheran,35,41,47,51,25,23,1,1,3.5,1200,0,1010,10,60,0.0065
IRAN Yazd,31,54,0,54,17,0,1,1,3.5,0,0,1010,10,60,0.0065
IRAN Zahedan,29,28,0,60,54,0,1,1,3.5,0,0,1010,10,60,0.0065
IRAQ Al Qaim,34,22,11,41,5,36,1,1,3,175,0,1010,10,60,0.0065
IRAQ Amarah,31,50,15,47,9,6,1,1,3,15,0,1010,10,60,0.0065
IRAQ Baghdad,33,20,19,44,23,38,1,1,3,46,0,1008,25,60,0.0065
IRAQ Baiji,34,55,45,43,29,37,1,1,3,110,0,1010,10,60,0.0065
IRAQ Balad,34,0,52,44,8,49,1,1,3,55,0,1010,10,60,0.0065
IRAQ Baqubah,33,45,2,44,37,57,1,1,3,45,0,1010,10,60,0.0065
IRAQ Basrah,30,32,34,47,45,13,1,1,3,3,0,1010,10,60,0.0065
IRAQ Dahuk,36,52,10,43,0,8,1,1,3,600,0,1010,10,60,0.0065
IRAQ Diwaniyeh,31,59,12,44,55,40,1,1,3,25,0,1010,10,60,0.0065
IRAQ Fallujah,33,20,55,43,47,8,1,1,3,45,0,1010,10,60,0.0065
IRAQ Haditha,34,8,21,42,22,45,1,1,3,120,0,1010,10,60,0.0065
IRAQ Hilla,32,28,56,44,25,59,1,1,3,40,0,1010,10,60,0.0065
IRAQ Irbil,36,11,27,44,0,36,1,1,3,430,0,1010,10,60,0.0065
IRAQ Karbala,32,36,52,44,1,29,1,1,3,32,0,1010,10,60,0.0065
IRAQ Kirkuk,35,28,8,44,23,27,1,1,3,350,0,1010,10,60,0.0065
IRAQ Kufah,32,2,2,44,24,4,1,1,3,30,0,1010,10,60,0.0065
IRAQ Kut,32,30,22,45,49,29,1,1,3,25,0,1010,10,60,0.0065
IRAQ Mahmudiyah,33,3,27,44,22,2,1,1,3,40,0,1010,10,60,0.0065
IRAQ Mandali,33,44,52,45,33,12,1,1,3,130,0,1010,10,60,0.0065
IRAQ Moosel,36,20,16,43,8,1,1,1,3,222,0,1010,10,60,0.0065
IRAQ Muqdadiyah,33,58,36,44,55,30,1,1,3,60,0,1010,10,60,0.0065
IRAQ Najaf,32,0,1,44,19,52,1,1,3,60,0,1010,10,60,0.0065
IRAQ Nasiriyah,31,1,56,46,15,50,1,1,3,10,0,1010,10,60,0.0065
IRAQ Ramadi,33,24,58,43,13,15,1,1,3,69,0,1010,10,60,0.0065
IRAQ Rutba,33,2,17,40,17,6,1,1,3,620,0,1010,10,60,0.0065
IRAQ Samarra,34,11,37,43,52,31,1,1,3,80,0,1010,10,60,0.0065
IRAQ Samawah,31,19,8,45,17,13,1,1,3,15,0,1010,10,60,0.0065
IRAQ Sinjar,36,19,19,41,51,37,1,1,3,530,0,1010,10,60,0.0065
IRAQ Sulaymaniyah,35,33,0,45,26,2,1,1,3,815,0,1010,10,60,0.0065
IRAQ Tall Afar,36,22,40,42,26,30,1,1,3,400,0,1010,10,60,0.0065
IRAQ Tikrit,34,36,14,43,41,5,1,1,3,110,0,1010,10,60,0.0065
IRELAND Athlone,53,25,30,7,56,42,1,0,0,50,0,1010,10,60,0.0065
IRELAND Bray,53,12,16,6,6,33,1,0,0,50,0,1010,10,60,0.0065
IRELAND Carlow,52,50,9,6,55,28,1,0,0,100,0,1010,10,60,0.0065
IRELAND Clonmel,52,21,20,7,41,54,1,0,0,50,0,1010,10,60,0.0065
IRELAND Cork ,51,54,6,8,28,40,1,0,0,50,0,1010,10,60,0.0065
IRELAND Drogheda,53,43,1,6,21,16,1,0,0,50,0,1010,10,60,0.0065
IRELAND Dublin,53,20,39,6,16,3,1,0,0,100,0,1010,10,60,0.0065
IRELAND Dundalk,54,0,0,6,24,13,1,0,0,50,0,1010,10,60,0.0065
IRELAND Ennis,52,50,40,8,59,0,1,0,0,50,0,1010,10,60,0.0065
IRELAND Galway,53,16,26,9,3,6,1,0,0,50,0,1010,10,60,0.0065
IRELAND Kilkenny,52,39,14,7,14,53,1,0,0,50,0,1010,10,60,0.0065
IRELAND Limerick,52,39,50,8,37,36,1,0,0,50,0,1010,10,60,0.0065
IRELAND Naas,53,13,57,6,37,11,1,0,0,100,0,1010,10,60,0.0065
IRELAND Navan,53,39,17,6,41,20,1,0,0,50,0,1010,10,60,0.0065
IRELAND Newbridge,53,10,50,6,47,45,1,0,0,100,0,1010,10,60,0.0065
IRELAND Sligo,54,16,14,8,28,18,1,0,0,50,0,1010,10,60,0.0065
IRELAND Swords,53,27,27,6,13,10,1,0,0,50,0,1010,10,60,0.0065
IRELAND Tralee,52,16,11,9,42,1,1,0,0,50,0,1010,10,60,0.0065
IRELAND Waterford,52,15,25,7,7,46,1,0,0,50,0,1010,10,60,0.0065
IRELAND Wexford,52,20,21,6,27,37,1,0,0,50,0,1010,10,60,0.0065
ITALY Alghero,40,38,0,8,17,0,1,1,1,0,0,1010,10,60,0.0065
ITALY Ancona,43,37,0,13,22,0,1,1,1,0,0,1010,10,60,0.0065
ITALY Aviano,46,2,0,12,36,0,1,1,1,0,0,1010,10,60,0.0065
ITALY Bari,41,8,0,16,47,0,1,1,1,0,0,1010,10,60,0.0065
ITALY Bergamo,45,40,0,9,42,0,1,1,1,0,0,1010,10,60,0.0065
ITALY Bologna,44,32,0,11,18,0,1,1,1,0,0,1010,10,60,0.0065
ITALY Brindisi,40,39,0,17,57,0,1,1,1,0,0,1010,10,60,0.0065
ITALY Cagliari,39,15,0,9,4,0,1,1,1,0,0,1010,10,60,0.0065
ITALY Catania,37,24,0,14,55,0,1,1,1,0,0,1010,10,60,0.0065
ITALY Forli,44,12,0,12,4,0,1,1,1,0,0,1010,10,60,0.0065
ITALY Grosseto,42,46,0,11,4,0,1,1,1,0,0,1010,10,60,0.0065
ITALY Lamezia-terme,38,55,0,16,14,0,1,1,1,0,0,1010,10,60,0.0065
ITALY Milan,45,27,41,9,9,47,1,1,1,150,10,1010,10,60,0.0065
ITALY Naples,40,53,0,14,18,0,1,1,1,0,0,1010,10,60,0.0065
ITALY Olbia,40,54,0,9,31,0,1,1,1,0,0,1010,10,60,0.0065
ITALY Palermo,38,11,0,13,6,0,1,1,1,0,0,1010,10,60,0.0065
ITALY Pescara,42,26,0,14,11,0,1,1,1,0,0,1010,10,60,0.0065
ITALY Pisa,43,41,0,10,24,0,1,1,1,0,0,1010,10,60,0.0065
ITALY Rimini,44,1,0,12,37,0,1,1,1,0,0,1010,10,60,0.0065
ITALY Rome,41,48,0,12,14,0,1,1,1,0,0,1010,10,60,0.0065
ITALY Sigonella,37,24,0,14,55,0,1,1,1,0,0,1010,10,60,0.0065
ITALY Trapani,37,55,0,12,29,0,1,1,1,0,0,1010,10,60,0.0065
ITALY Trieste,45,50,0,13,28,0,1,1,1,0,0,1010,10,60,0.0065
ITALY Turin,45,12,0,7,39,0,1,1,1,0,0,1010,10,60,0.0065
ITALY Venice,45,30,0,12,21,0,1,1,1,0,0,1010,10,60,0.0065
ITALY Verona,45,28,0,10,56,0,1,1,1,0,0,1010,10,60,0.0065
IVORY COAST Abidjan,5,20,11,4,1,36,1,0,0,40,0,1010,10,60,0.0065
IVORY COAST Bouake,7,44,0,5,4,0,1,0,0,0,0,1010,10,60,0.0065
JAMAICA Kingston,17,57,0,76,44,0,1,0,-5,0,0,1010,10,60,0.0065
JAMAICA Montego Bay,18,30,0,77,55,0,1,0,-5,0,0,1010,10,60,0.0065
JAPAN Akita,39,42,0,140,4,0,1,1,9,0,0,1010,10,60,0.0065
JAPAN Atsugi,35,27,0,139,27,0,1,1,9,0,0,1010,10,60,0.0065
JAPAN Fukuoka,33,35,0,130,27,0,1,1,9,0,0,1010,10,60,0.0065
JAPAN Hachinohe,40,33,0,141,28,0,1,1,9,0,0,1010,10,60,0.0065
JAPAN Hakodate,41,46,0,140,49,0,1,1,9,0,0,1010,10,60,0.0065
JAPAN Kagoshima,31,48,0,130,43,0,1,1,9,0,0,1010,10,60,0.0065
JAPAN Komatsu,36,24,0,136,25,0,1,1,9,0,0,1010,10,60,0.0065
JAPAN Kumamoto,32,50,0,130,51,0,1,1,9,0,0,1010,10,60,0.0065
JAPAN Matsuyama,33,49,0,132,42,0,1,1,9,0,0,1010,10,60,0.0065
JAPAN Misawa,40,42,0,141,22,0,1,1,9,0,0,1010,10,60,0.0065
JAPAN Nagasaki,32,55,0,129,55,0,1,1,9,0,0,1010,10,60,0.0065
JAPAN Nagoya,35,15,0,136,56,0,1,1,9,0,0,1010,10,60,0.0065
JAPAN Niigata,37,57,0,139,7,0,1,1,9,0,0,1010,10,60,0.0065
JAPAN Obihiro,42,44,0,143,13,0,1,1,9,0,0,1010,10,60,0.0065
JAPAN Okinawa,26,12,0,127,39,0,1,1,9,0,0,1010,10,60,0.0065
JAPAN Osaka,34,47,0,135,26,0,1,1,9,0,0,1010,10,60,0.0065
JAPAN Sapporo,42,48,0,141,40,0,1,1,9,0,0,1010,10,60,0.0065
JAPAN Sendai,38,8,0,140,55,0,1,1,9,0,0,1010,10,60,0.0065
JAPAN Shimojishima,24,49,0,125,9,0,1,1,9,0,0,1010,10,60,0.0065
JAPAN Tokyo,35,45,0,139,21,0,1,1,9,0,0,1010,10,60,0.0065
JAPAN Ube,33,56,0,131,16,0,1,1,9,0,0,1010,10,60,0.0065
JAPAN Yamagata,38,24,0,140,23,0,1,1,9,0,0,1010,10,60,0.0065
JORDAN Ajloun,32,19,32,35,43,39,1,1,2,975,0,904,16,60,0.0065
JORDAN Aqaba,29,31,28,35,1,19,1,1,2,150,0,996,22,60,0.0065
JORDAN Azraq,31,50,13,36,48,55,1,1,2,512,0,955,19,60,0.0065
JORDAN Bayer,30,45,43,36,40,44,1,1,2,880,0,914,17,60,0.0065
JORDAN Dayr Abu Saeed,32,29,42,35,41,37,1,1,2,411,0,966,20,60,0.0065
JORDAN Gharandal,30,5,0,35,13,0,1,1,2,300,0,979,21,60,0.0065
JORDAN Hasa,30,49,10,35,57,44,1,1,2,830,0,920,17,60,0.0065
JORDAN Hmeadeyeh,32,14,0,36,33,0,1,1,2,800,0,923,17,60,0.0065
JORDAN Irbid,32,32,15,35,48,32,1,1,2,623,20,942,18,60,0.0065
JORDAN Jafer,30,19,0,36,10,0,1,1,2,870,0,915,17,60,0.0065
JORDAN Jarash,32,17,0,35,48,30,1,1,2,1000,9,901,16,60,0.0065
JORDAN Karak,31,10,10,35,41,55,1,1,2,1100,0,891,15,60,0.0065
JORDAN Maan,30,12,30,35,44,0,1,1,2,1140,0,886,15,60,0.0065
JORDAN Madaba,31,43,0,35,47,0,1,1,2,800,0,923,17,60,0.0065
JORDAN Mafraq,32,21,0,36,12,0,1,1,2,700,0,934,18,60,0.0065
JORDAN Mdawarah,29,11,37,36,4,19,1,1,2,680,0,936,18,60,0.0065
JORDAN NorthShouneh,32,36,41,35,36,17,1,1,2,-212,0,1013,22,60,0.0065
JORDAN Omari,31,32,0,37,4,30,1,1,2,545,0,951,19,60,0.0065
JORDAN Qatraneh,31,15,0,36,3,0,1,1,2,780,0,925,17,60,0.0065
JORDAN Qwearah,29,48,11,35,18,18,1,1,2,840,0,919,17,60,0.0065
JORDAN Rahmah,29,55,0,35,9,0,1,1,2,155,0,995,22,60,0.0065
JORDAN Rum,29,34,30,35,25,30,1,1,2,950,13,907,16,60,0.0065
JORDAN Rweashed,32,30,30,38,12,0,1,1,2,680,0,936,18,60,0.0065
JORDAN Safawi,32,12,0,37,7,30,1,1,2,700,0,934,18,60,0.0065
JORDAN Safi,31,1,56,35,28,38,1,1,2,0,0,1013,22,60,0.0065
JORDAN Salt,32,2,47,35,42,13,1,1,2,1071,5,894,16,60,0.0065
JORDAN Shoubak,30,31,10,35,31,52,1,1,2,1460,0,853,13,60,0.0065
JORDAN Shoubak-Wadi Mousa,30,23,42,35,29,34,1,1,2,1735,0,826,11,60,0.0065
JORDAN SouthHusayneyah,30,36,0,35,47,0,1,1,2,1078,0,893,16,60,0.0065
JORDAN SouthShouneh,31,53,39,35,36,3,1,1,2,0,0,1013,22,60,0.0065
JORDAN Tafeleh,30,49,11,35,36,12,1,1,2,1257,0,874,14,60,0.0065
JORDAN Zarqa,32,6,0,35,58,0,1,1,2,886,15,914,17,60,0.0065
KAZAKHSTAN Almaty,43,16,33,76,55,43,1,1,6,800,0,1010,10,60,0.0065
KAZAKHSTAN Aqtobe,50,16,28,57,13,14,1,1,5,250,0,1010,10,60,0.0065
KAZAKHSTAN Astana,51,11,4,71,23,2,1,1,6,350,0,1010,10,60,0.0065
KAZAKHSTAN Karaganda,49,48,38,73,5,12,1,1,6,600,0,1010,10,60,0.0065
KAZAKHSTAN Oskemen,49,57,49,82,34,52,1,1,6,300,0,1010,10,60,0.0065
KAZAKHSTAN Pavlodar,52,16,54,76,56,19,1,1,6,150,0,1010,10,60,0.0065
KAZAKHSTAN Petropavl,54,51,59,69,8,29,1,1,5,150,0,1010,10,60,0.0065
KAZAKHSTAN Qostanay,53,13,4,63,36,49,1,1,6,200,0,1010,10,60,0.0065
KAZAKHSTAN Semey,50,26,0,80,16,0,1,1,6,250,0,1010,10,60,0.0065
KAZAKHSTAN Shymkent,42,18,51,69,33,13,1,1,6,500,0,1010,10,60,0.0065
KAZAKHSTAN Taraz,42,53,20,71,21,41,1,1,6,650,0,1010,10,60,0.0065
KAZAKHSTAN Temirtau,50,3,12,72,57,11,1,1,6,550,0,1010,10,60,0.0065
KENYA Kisumu,0,5,0,34,44,0,0,1,3,0,0,1010,10,60,0.0065
KENYA Mombasa,4,2,0,39,36,0,0,1,3,0,0,1010,10,60,0.0065
KENYA Nairobi,1,19,0,36,56,0,0,1,3,0,0,1010,10,60,0.0065
KUWAIT Abdali,30,1,19,47,42,9,1,1,3,30,0,1010,10,60,0.0065
KUWAIT Ahmadi,29,5,24,48,3,35,1,1,3,130,0,1010,10,60,0.0065
KUWAIT Failaka,29,26,7,48,16,15,1,1,3,10,0,1010,10,60,0.0065
KUWAIT Jahra,29,19,56,47,39,55,1,1,3,30,0,1010,10,60,0.0065
KUWAIT Kuwait,29,18,20,47,56,11,1,1,3,30,0,1010,10,60,0.0065
KUWAIT Nweasib,28,32,43,48,23,15,1,1,3,20,0,1010,10,60,0.0065
KUWAIT Salmi,29,5,56,46,40,46,1,1,3,290,0,1010,10,60,0.0065
KUWAIT Wafra,28,33,30,48,2,37,1,1,3,110,0,1010,10,60,0.0065
KYRGYZSTAN Bishkek,42,52,29,74,36,44,1,1,6,800,0,1010,10,60,0.0065
LAOS Vientiane,17,59,0,102,34,0,1,1,7,0,0,1010,10,60,0.0065
LAOS Pakxe,15,8,2,105,46,55,1,1,7,10,0,1010,10,60,0.0065
LAOS Seno,16,40,0,105,9,0,1,1,7,10,0,1010,10,60,0.0065
LAOS Savannakhet,16,32,0,105,47,0,1,1,7,10,0,1010,10,60,0.0065
LAOS Thakhek,17,24,0,104,48,0,1,1,7,10,0,1010,10,60,0.0065
LAOS Thangone,18,7,53,102,37,32,1,1,7,10,0,1010,10,60,0.0065
LAOS Van Vieng,18,55,36,102,26,58,1,1,7,10,0,1010,10,60,0.0065
LAOS Luang Prabang,19,53,0,102,8,0,1,1,7,10,0,1010,10,60,0.0065
LATVIA Cesis,57,18,46,25,16,31,1,1,2,150,0,1010,10,60,0.0065
LATVIA Daugavpils,55,52,31,26,32,9,1,1,2,150,0,1010,10,60,0.0065
LATVIA Jekabpils,56,29,56,25,51,26,1,1,2,100,0,1010,10,60,0.0065
LATVIA Jelgava,56,38,54,23,42,28,1,1,2,50,0,1010,10,60,0.0065
LATVIA Jurmala,56,58,6,23,46,14,1,1,2,50,0,1010,10,60,0.0065
LATVIA Liepaja,56,29,22,21,0,41,1,1,2,50,0,1010,10,60,0.0065
LATVIA Ogre,56,49,3,24,36,52,1,1,2,50,0,1010,10,60,0.0065
LATVIA Rezekne,56,30,28,27,19,55,1,1,2,200,0,1010,10,60,0.0065
LATVIA Riga,56,56,48,24,6,18,1,1,2,50,0,1010,10,60,0.0065
LATVIA Valmiera,57,32,36,25,25,47,1,1,2,50,0,1010,10,60,0.0065
LATVIA Ventspils,57,23,46,21,32,52,1,1,2,50,0,1010,10,60,0.0065
LEBANON Al-Marj,33,46,3,35,52,59,1,1,2,900,0,1010,10,60,0.0065
LEBANON Balbak,34,0,25,36,12,15,1,1,2,1140,0,1010,10,60,0.0065
LEBANON Beirut,33,52,19,35,30,35,1,1,2,46,0,1008,25,60,0.0065
LEBANON Jabal Sultan,33,38,42,35,51,38,1,1,2,1381,0,1010,10,60,0.0065
LEBANON Trabulus,34,27,4,35,48,17,1,1,2,0,0,1010,10,60,0.0065
LIBERIA Monrovia,6,17,0,10,46,0,1,0,0,0,0,1010,10,60,0.0065
LIBYA Ajdabiya,30,45,18,20,13,23,1,1,2,10,0,1010,10,60,0.0065
LIBYA Al-Bayda,32,45,34,21,44,23,1,1,2,610,0,1010,10,60,0.0065
LIBYA Az Zawiyah,32,45,0,12,43,3,1,1,2,20,0,1010,10,60,0.0065
LIBYA Aziziyah,32,31,47,13,1,6,1,1,2,130,0,1010,10,60,0.0065
LIBYA Bani Walid,31,44,50,13,58,44,1,1,2,280,0,1010,10,60,0.0065
LIBYA Benghazi,32,6,43,20,2,52,1,1,2,10,0,1010,10,60,0.0065
LIBYA Bin Jawad,30,48,19,18,4,50,1,1,2,10,0,1010,10,60,0.0065
LIBYA Breaga,30,24,21,19,34,23,1,1,2,10,0,1010,10,60,0.0065
LIBYA Derna,32,46,30,22,38,23,1,1,2,10,0,1010,10,60,0.0065
LIBYA Ghadames,30,7,35,9,29,23,1,1,2,350,0,1010,10,60,0.0065
LIBYA Gheryan,32,10,8,13,0,39,1,1,2,720,0,1010,10,60,0.0065
LIBYA Hun,29,7,32,15,56,26,1,1,2,260,0,1010,10,60,0.0065
LIBYA Jadu,31,57,28,12,0,57,1,1,2,670,0,1010,10,60,0.0065
LIBYA Jalu,29,2,10,21,32,44,1,1,2,40,0,1010,10,60,0.0065
LIBYA Khoms,32,39,5,14,15,40,1,1,2,20,0,1010,10,60,0.0065
LIBYA Kufrah,24,10,57,23,16,14,1,1,2,380,0,1010,10,60,0.0065
LIBYA Misrata,32,22,15,15,3,23,1,1,2,10,0,1010,10,60,0.0065
LIBYA Murzuq,25,55,2,13,55,25,1,1,2,450,0,1010,10,60,0.0065
LIBYA Nalut,31,52,15,10,58,40,1,1,2,640,0,1010,10,60,0.0065
LIBYA Ras Jdear,33,8,54,11,33,48,1,1,2,10,0,1010,10,60,0.0065
LIBYA Ras Lanouf,30,30,48,18,31,58,1,1,2,20,0,1010,10,60,0.0065
LIBYA Sebha,27,2,22,14,25,43,1,1,2,430,0,1010,10,60,0.0065
LIBYA Sibrata,32,47,35,12,29,3,1,1,2,20,0,1010,10,60,0.0065
LIBYA Sirt,31,12,27,16,34,32,1,1,2,10,0,1010,10,60,0.0065
LIBYA Surman,32,45,0,12,34,20,1,1,2,10,0,1010,10,60,0.0065
LIBYA Taragen,25,55,49,14,26,8,1,1,2,430,0,1010,10,60,0.0065
LIBYA Tarhuna,32,26,2,13,37,53,1,1,2,400,0,1010,10,60,0.0065
LIBYA Tripoli,32,53,45,13,9,54,1,1,2,50,0,1010,10,60,0.0065
LIBYA Tubroq,32,4,46,23,57,14,1,1,2,20,0,1010,10,60,0.0065
LIBYA Ubari,26,35,28,12,46,25,1,1,2,470,0,1010,10,60,0.0065
LIBYA Yefren,32,3,46,12,31,37,1,1,2,680,0,1010,10,60,0.0065
LIBYA Zintan,31,55,50,12,14,54,1,1,2,720,0,1010,10,60,0.0065
LIBYA Zliten,32,28,1,14,34,0,1,1,2,20,0,1010,10,60,0.0065
LIBYA Zuwara,32,56,2,12,4,57,1,1,2,10,0,1010,10,60,0.0065
LITHUANIA Alytus,54,23,44,24,2,48,1,1,2,100,0,1010,10,60,0.0065
LITHUANIA Druskininkai,54,0,56,23,58,41,1,1,2,100,0,1010,10,60,0.0065
LITHUANIA Jonava,55,4,23,24,16,46,1,1,2,50,0,1010,10,60,0.0065
LITHUANIA Kaunas,54,53,49,23,53,32,1,1,2,100,0,1010,10,60,0.0065
LITHUANIA Kedainiai,55,17,22,23,58,24,1,1,2,50,0,1010,10,60,0.0065
LITHUANIA Klaipeda,55,41,55,21,8,51,1,1,2,50,0,1010,10,60,0.0065
LITHUANIA Kretinga,55,53,46,21,13,53,1,1,2,50,0,1010,10,60,0.0065
LITHUANIA Marijampole,54,33,28,23,20,58,1,1,2,100,0,1010,10,60,0.0065
LITHUANIA Mazeikiai,56,18,40,22,19,29,1,1,2,100,0,1010,10,60,0.0065
LITHUANIA Panevezys,55,44,15,24,22,13,1,1,2,100,0,1010,10,60,0.0065
LITHUANIA Plunge,55,54,44,21,50,46,1,1,2,150,0,1010,10,60,0.0065
LITHUANIA Radviliskis,55,48,34,23,32,22,1,1,2,150,0,1010,10,60,0.0065
LITHUANIA Siauliai,55,55,55,23,18,51,1,1,2,150,0,1010,10,60,0.0065
LITHUANIA Silute,55,20,29,21,27,35,1,1,2,50,0,1010,10,60,0.0065
LITHUANIA Taurage,55,15,21,22,17,33,1,1,2,50,0,1010,10,60,0.0065
LITHUANIA Telsiai,55,59,18,22,14,36,1,1,2,150,0,1010,10,60,0.0065
LITHUANIA Ukmerge,55,15,0,24,45,51,1,1,2,100,0,1010,10,60,0.0065
LITHUANIA Utena,55,30,0,25,36,1,1,1,2,150,0,1010,10,60,0.0065
LITHUANIA Vilnius,54,41,22,25,16,48,1,1,2,150,0,1010,10,60,0.0065
LITHUANIA Visaginas,55,36,0,26,25,38,1,1,2,200,0,1010,10,60,0.0065
LUXEMBOURG  Bascharage,49,33,55,5,54,26,1,1,1,300,0,1010,10,60,0.0065
LUXEMBOURG  Belvaux,49,30,36,5,55,20,1,1,1,350,0,1010,10,60,0.0065
LUXEMBOURG  Bettembourg,49,31,14,6,5,55,1,1,1,300,0,1010,10,60,0.0065
LUXEMBOURG  Diekirch,49,52,10,6,9,29,1,1,1,250,0,1010,10,60,0.0065
LUXEMBOURG  Differdange,49,31,28,5,53,22,1,1,1,350,0,1010,10,60,0.0065
LUXEMBOURG  Dudelange,49,28,47,6,5,8,1,1,1,300,0,1010,10,60,0.0065
LUXEMBOURG  Echternach,49,48,46,6,25,20,1,1,1,200,0,1010,10,60,0.0065
LUXEMBOURG  Esch-Alzette ,49,29,51,5,58,57,1,1,1,350,0,1010,10,60,0.0065
LUXEMBOURG  Ettelbruck,49,50,50,6,6,4,1,1,1,250,0,1010,10,60,0.0065
LUXEMBOURG  Luxembourg ,49,36,36,6,7,47,1,1,1,350,0,1010,10,60,0.0065
LUXEMBOURG  Mamer,49,37,37,6,1,20,1,1,1,300,0,1010,10,60,0.0065
LUXEMBOURG  Petange,49,33,26,5,52,36,1,1,1,300,0,1010,10,60,0.0065
LUXEMBOURG  Schifflange,49,30,18,6,0,42,1,1,1,300,0,1010,10,60,0.0065
LUXEMBOURG  Soleuvre,49,31,23,5,56,3,1,1,1,350,0,1010,10,60,0.0065
LUXEMBOURG  Strassen,49,37,6,6,4,12,1,1,1,350,0,1010,10,60,0.0065
LUXEMBOURG  Wiltz,49,57,52,5,56,7,1,1,1,400,0,1010,10,60,0.0065
MADAGASCAR Majunga,15,40,0,46,21,0,0,1,3,0,0,1010,10,60,0.0065
MADAGASCAR Nossi-be,13,19,0,48,19,0,0,1,3,0,0,1010,10,60,0.0065
MADAGASCAR Tamatave,18,7,0,49,24,0,0,1,3,0,0,1010,10,60,0.0065
MALAWI Blantyre,15,40,0,34,58,0,0,1,2,0,0,1010,10,60,0.0065
MALAWI Lilongwe,13,58,0,33,42,0,0,1,2,0,0,1010,10,60,0.0065
MALAYSIA Putrajaya,2,55,0,101,41,0,1,1,8,0,0,1010,10,60,0.0065
MALAYSIA George Town,5,25,0,100,19,0,1,1,8,0,0,1010,10,60,0.0065
MALAYSIA Ipoh,4,35,0,101,4,0,1,1,8,0,0,1010,10,60,0.0065
MALAYSIA Kota Kinabalu,5,58,0,116,4,0,1,1,8,0,0,1010,10,60,0.0065
MALAYSIA Kuantan,3,48,0,103,19,0,1,1,8,0,0,1010,10,60,0.0065
MALAYSIA Kota Bharu,6,8,0,102,14,0,1,1,8,0,0,1010,10,60,0.0065
MALAYSIA Alor Setar,6,7,0,100,22,0,1,1,8,0,0,1010,10,60,0.0065
MALAYSIA Melaka City,2,11,0,102,15,0,1,1,8,0,0,1010,10,60,0.0065
MALAYSIA Seremban,2,43,0,101,56,0,1,1,8,0,0,1010,10,60,0.0065
MALAYSIA Kuala Terengganu,5,19,0,103,8,0,1,1,8,0,0,1010,10,60,0.0065
MALAYSIA Kangar,6,26,0,100,12,0,1,1,8,0,0,1010,10,60,0.0065
MALAYSIA Shah Alam,3,4,0,101,32,0,1,1,8,0,0,1010,10,60,0.0065
MALAYSIA Labuan,5,16,0,115,15,0,1,1,8,0,0,1010,10,60,0.0065
MALAYSIA Petaling Jaya,3,6,0,101,38,0,1,1,8,0,0,1010,10,60,0.0065
MALAYSIA Klang,3,2,0,101,26,0,1,1,8,0,0,1010,10,60,0.0065
MALAYSIA Tawau,4,15,0,117,53,0,1,1,8,0,0,1010,10,60,0.0065
MALAYSIA Taiping,4,51,0,100,44,0,1,1,8,0,0,1010,10,60,0.0065
MALAYSIA Johore Bahru,1,38,0,103,40,0,1,1,8,0,0,1010,10,60,0.0065
MALAYSIA Kuala Lumpur,3,8,20,101,41,13,1,1,8,10,0,1010,10,60,0.0065
MALAYSIA Kuching,1,29,0,110,20,0,1,1,8,0,0,1010,10,60,0.0065
MALAYSIA Miri,4,27,0,114,0,0,1,1,8,0,0,1010,10,60,0.0065
MALAYSIA Penang,5,17,0,100,16,0,1,1,8,0,0,1010,10,60,0.0065
MALAYSIA Sandakan,5,54,0,118,4,0,1,1,8,0,0,1010,10,60,0.0065
MALDIVES Male,4,10,30,73,30,32,1,1,5,10,0,1010,10,60,0.0065
MALI Bamako,12,39,0,8,0,0,1,0,0,350,0,1010,10,60,0.0065
MALI Mopti,14,31,0,4,5,0,1,0,0,0,0,1010,10,60,0.0065
MALTA Malta,35,50,0,14,33,0,1,1,1,0,0,1010,10,60,0.0065
MAURITANIA Kaedi,16,10,0,13,30,0,1,0,0,0,0,1010,10,60,0.0065
MAURITANIA Nouadhibou,20,56,0,17,2,0,1,0,0,0,0,1010,10,60,0.0065
MAURITANIA Nouakchott,18,6,0,15,57,0,1,0,0,3,0,1013,30,60,0.0065
MAURITIUS Mauritius,20,26,0,57,41,0,0,1,4,0,0,1010,10,60,0.0065
MEXICO Acapulco,16,45,0,99,46,0,1,0,-6,0,0,1010,10,60,0.0065
MEXICO Campeche,19,50,0,90,31,0,1,0,-6,0,0,1010,10,60,0.0065
MEXICO Can Cun,21,2,0,86,52,0,1,0,-6,0,0,1010,10,60,0.0065
MEXICO Chetumal,18,29,0,88,20,0,1,0,-6,0,0,1010,10,60,0.0065
MEXICO Chihuahua,28,39,0,106,6,0,1,0,-6,0,0,1010,10,60,0.0065
MEXICO Ciudad Juarez,31,38,0,106,26,0,1,0,-6,0,0,1010,10,60,0.0065
MEXICO Ciudad Obregon,27,24,0,109,50,0,1,0,-7,0,0,1010,10,60,0.0065
MEXICO Culiacan,24,46,0,107,28,0,1,0,-7,0,0,1010,10,60,0.0065
MEXICO Durango,24,8,0,104,32,0,1,0,-6,0,0,1010,10,60,0.0065
MEXICO Guaymas,27,57,0,110,56,0,1,0,-7,0,0,1010,10,60,0.0065
MEXICO Mexico City,19,26,0,99,4,0,1,0,-6,0,0,1010,10,60,0.0065
MOROCCO Agadir,30,23,0,9,33,0,1,0,0,0,0,1010,10,60,0.0065
MOROCCO Al Hoceima,35,11,0,3,50,0,1,0,0,0,0,1010,10,60,0.0065
MOROCCO Casablanca,33,22,0,7,35,0,1,0,0,0,0,1010,10,60,0.0065
MOROCCO Dakhla,23,43,0,15,56,0,1,0,0,0,0,1010,10,60,0.0065
MOROCCO Fez,33,56,0,4,59,0,1,0,0,0,0,1010,10,60,0.0065
MOROCCO Laayoune,27,8,0,13,13,0,1,0,0,0,0,1010,10,60,0.0065
MOROCCO Marrakech,31,37,0,8,2,0,1,0,0,0,0,1010,10,60,0.0065
MOROCCO Oujda,34,47,0,1,56,0,1,0,0,0,0,1010,10,60,0.0065
MOROCCO Rabat,34,1,12,6,50,24,1,0,0,23,0,1011,24,60,0.0065
MOROCCO Sidi Ifni,29,22,0,10,11,0,1,0,0,0,0,1010,10,60,0.0065
MOROCCO Tangier,35,44,0,5,55,0,1,0,0,0,0,1010,10,60,0.0065
MOZAMBIQUE Beira,19,48,0,34,55,0,0,1,2,0,0,1010,10,60,0.0065
MOZAMBIQUE Maputo,25,58,8,32,34,10,0,1,2,15,0,1010,10,60,0.0065
MOZAMBIQUE Mocimboa Praia,11,21,0,40,21,0,0,1,2,0,0,1010,10,60,0.0065
MOZAMBIQUE Nampula,15,6,0,39,17,0,0,1,2,0,0,1010,10,60,0.0065
MYANMAR Yangon,16,54,0,96,8,0,1,1,6,0,0,1010,10,60,0.0065
MYANMAR Mandalay,21,58,0,96,9,0,1,1,6.5,10,0,1010,10,60,0.0065
MYANMAR Naypyidaw,19,45,0,96,12,0,1,1,6.5,10,0,1010,10,60,0.0065
MYANMAR Muse,23,58,0,97,54,0,1,1,6.5,10,0,1010,10,60,0.0065
MYANMAR Mawlamyine,16,29,0,97,37,0,1,1,6.5,10,0,1010,10,60,0.0065
MYANMAR Pathein,16,46,0,94,43,0,1,1,6.5,10,0,1010,10,60,0.0065
NAMIBIA Grootfontein,19,36,0,18,8,0,0,1,2,0,0,1010,10,60,0.0065
NAMIBIA Keetmanshoop,26,32,0,18,6,0,0,1,2,0,0,1010,10,60,0.0065
NAMIBIA Windhoek,22,29,0,17,28,0,0,1,2,0,0,1010,10,60,0.0065
NEPAL Kathmandu,27,42,0,85,22,0,1,1,6,0,0,1010,10,60,0.0065
NETHERLANDS Almere,52,22,20,5,13,5,1,1,1,50,0,1010,10,60,0.0065
NETHERLANDS Amersfoort,52,9,23,5,23,20,1,1,1,50,0,1010,10,60,0.0065
NETHERLANDS Amsterdam ,52,22,26,4,53,27,1,1,1,50,0,1010,10,60,0.0065
NETHERLANDS Apeldoorn ,52,12,59,5,57,53,1,1,1,50,0,1010,10,60,0.0065
NETHERLANDS Arnhem,51,58,47,5,54,44,1,1,1,50,0,1010,10,60,0.0065
NETHERLANDS Breda,51,35,22,4,46,28,1,1,1,50,0,1010,10,60,0.0065
NETHERLANDS Dordrecht,51,48,41,4,40,5,1,1,1,50,0,1010,10,60,0.0065
NETHERLANDS Eindhoven,51,26,12,5,28,40,1,1,1,50,0,1010,10,60,0.0065
NETHERLANDS Enschede,52,13,15,6,53,28,1,1,1,50,0,1010,10,60,0.0065
NETHERLANDS Groningen,53,12,54,6,34,3,1,1,1,50,0,1010,10,60,0.0065
NETHERLANDS Haarlem,52,22,46,4,38,15,1,1,1,50,0,1010,10,60,0.0065
NETHERLANDS Haarlemmermeer,52,17,27,4,40,9,1,1,1,50,0,1010,10,60,0.0065
NETHERLANDS Hertogenbosch,51,41,21,5,18,15,1,1,1,50,0,1010,10,60,0.0065
NETHERLANDS Maastricht,50,51,0,5,41,14,1,1,1,150,0,1010,10,60,0.0065
NETHERLANDS Nijmegen,51,50,31,5,51,30,1,1,1,50,0,1010,10,60,0.0065
NETHERLANDS Rotterdam,51,55,22,4,28,15,1,1,1,50,0,1010,10,60,0.0065
NETHERLANDS The Hague,52,4,42,4,18,50,1,1,1,50,0,1010,10,60,0.0065
NETHERLANDS Tilburg,51,33,19,5,5,26,1,1,1,50,0,1010,10,60,0.0065
NETHERLANDS Utrecht,52,5,29,5,7,21,1,1,1,50,0,1010,10,60,0.0065
NETHERLANDS Zaanstad,52,26,32,4,48,38,1,1,1,50,0,1010,10,60,0.0065
NEW-CALEDONIA Noumea,22,1,0,166,13,0,0,1,11,0,0,1010,10,60,0.0065
NEW-ZEALAND Auckland,37,1,0,174,48,0,0,1,12,0,0,1010,10,60,0.0065
NEW-ZEALAND Christchurch,43,29,0,172,32,0,0,1,12,0,0,1010,10,60,0.0065
NEW-ZEALAND Wellington,41,19,0,174,48,0,0,1,12,0,0,1010,10,60,0.0065
NICARAGUA Managua,12,8,0,86,10,0,1,0,-6,0,0,1010,10,60,0.0065
NIGER Agades,16,58,0,7,60,0,1,1,1,0,0,1010,10,60,0.0065
NIGER Niamey,13,30,45,2,6,45,1,1,1,270,0,1010,10,60,0.0065
NIGERIA Abuja,9,3,16,7,27,23,1,1,1,460,0,1010,10,60,0.0065
NIGERIA Akure,7,16,0,5,18,0,1,1,1,0,0,1010,10,60,0.0065
NIGERIA Bauchi,10,19,5,9,50,28,1,1,1,627,0,1010,10,60,0.0065
NIGERIA Benin City,6,19,0,5,36,0,1,1,1,0,0,1010,10,60,0.0065
NIGERIA Calabar,4,58,0,8,21,0,1,1,1,0,0,1010,10,60,0.0065
NIGERIA Enugu,6,29,0,7,34,0,1,1,1,0,0,1010,10,60,0.0065
NIGERIA Ilorin,8,26,0,4,30,0,1,1,1,0,0,1010,10,60,0.0065
NIGERIA Jos,9,52,0,8,54,0,1,1,1,0,0,1010,10,60,0.0065
NIGERIA Kaduna,10,36,0,7,26,0,1,1,1,0,0,1010,10,60,0.0065
NIGERIA Kano,12,3,0,8,31,0,1,1,1,0,0,1010,10,60,0.0065
NIGERIA Lagos,6,35,0,3,20,0,1,1,1,0,0,1010,10,60,0.0065
NIGERIA Maiduguri,11,51,0,13,4,0,1,1,1,0,0,1010,10,60,0.0065
NIGERIA Port Harcourt,4,51,0,7,1,0,1,1,1,0,0,1010,10,60,0.0065
NIGERIA Sokoto,13,0,0,5,15,0,1,1,1,0,0,1010,10,60,0.0065
NIGERIA Yola,9,16,0,12,26,0,1,1,1,0,0,1010,10,60,0.0065
NORWAY Akershus,59,53,30,10,31,29,1,1,1,0,0,1010,10,60,0.0065
NORWAY Arendal,58,27,34,8,46,1,1,1,1,50,0,1010,10,60,0.0065
NORWAY Bergen,60,23,18,5,19,52,1,1,1,200,0,1010,10,60,0.0065
NORWAY Bodo,67,16,46,14,22,2,1,1,1,50,0,1010,10,60,0.0065
NORWAY Drammen,59,44,43,10,12,48,1,1,1,50,0,1010,10,60,0.0065
NORWAY Fredrikstad-Sarpsborg,59,13,6,10,55,47,1,1,1,50,0,1010,10,60,0.0065
NORWAY Halden,59,7,33,11,23,22,1,1,1,50,0,1010,10,60,0.0065
NORWAY Hamar,60,47,57,11,3,22,1,1,1,150,0,1010,10,60,0.0065
NORWAY Harstad,68,47,54,16,31,57,1,1,1,75,0,1010,10,60,0.0065
NORWAY Haugesund,59,25,27,5,15,46,1,1,1,50,0,1010,10,60,0.0065
NORWAY Kristiansand,58,8,41,7,59,53,1,1,1,50,0,1010,10,60,0.0065
NORWAY Larvik,59,3,13,10,2,6,1,1,1,100,0,1010,10,60,0.0065
NORWAY Moss,59,25,42,10,40,5,1,1,1,50,0,1010,10,60,0.0065
NORWAY Oslo ,59,54,50,10,44,18,1,1,1,50,0,1010,10,60,0.0065
NORWAY Porsgrunn-Skien,59,8,39,9,38,59,1,1,1,50,0,1010,10,60,0.0065
NORWAY Sandefjord,59,7,52,10,13,0,1,1,1,50,0,1010,10,60,0.0065
NORWAY Stavanger,58,57,51,5,43,35,1,1,1,50,0,1010,10,60,0.0065
NORWAY Tonsberg,59,16,15,10,25,5,1,1,1,50,0,1010,10,60,0.0065
NORWAY Troms,69,6,16,18,3,34,1,1,1,250,0,1010,10,60,0.0065
NORWAY Trondheim,63,26,5,10,23,55,1,1,1,50,0,1010,10,60,0.0065
NORWAY lesund,63,20,2,8,27,34,1,1,1,50,0,1010,10,60,0.0065
OMAN Jabal Shams,23,12,56,57,16,33,1,1,4,3000,0,1010,10,60,0.0065
OMAN Muscat,23,36,48,58,35,36,1,1,4,21,0,1011,30,60,0.0065
OMAN Salalah,17,2,0,54,6,0,1,1,4,0,0,1010,10,60,0.0065
PAKISTAN Faisalabad,31,22,0,72,60,0,1,1,5,0,0,1010,10,60,0.0065
PAKISTAN Hyderabad,25,19,0,68,22,0,1,1,5,0,0,1010,10,60,0.0065
PAKISTAN Islamabad,33,40,35,72,59,41,1,1,5,555,0,1010,10,60,0.0065
PAKISTAN Karachi,24,54,0,67,9,0,1,1,5,0,0,1010,10,60,0.0065
PAKISTAN Lahore,31,32,43,74,20,27,1,1,5,0,0,1010,10,60,0.0065
PAKISTAN Mohenjodaro,27,20,0,68,9,0,1,1,5,0,0,1010,10,60,0.0065
PAKISTAN Multan,30,12,0,71,25,0,1,1,5,0,0,1010,10,60,0.0065
PAKISTAN Nawabshah,26,13,0,68,24,0,1,1,5,0,0,1010,10,60,0.0065
PAKISTAN Peshawar,33,60,0,71,31,0,1,1,5,0,0,1010,10,60,0.0065
PALAU Koror,7,22,0,134,33,0,1,1,10,0,0,1010,10,60,0.0065
PALESTINE Affuleh,32,36,30,35,16,32,1,1,2,55,0,1007,22,60,0.0065
PALESTINE Akka,32,55,21,35,5,18,1,1,2,24,0,1010,22,60,0.0065
PALESTINE Al-Khalil,31,33,0,35,6,27,1,1,2,1017,0,900,16,60,0.0065
PALESTINE Al-Khalsah (Qiryat Shemona),33,12,44,35,33,42,1,1,2,278,0,981,21,60,0.0065
PALESTINE Al-Led War-Ramleh,31,55,35,34,51,16,1,1,2,100,0,1002,22,60,0.0065
PALESTINE Al-Quds,31,47,6,35,12,54,1,1,2,819,0,921,17,60,0.0065
PALESTINE Al-Samua,31,23,27,35,4,26,1,1,2,754,0,928,18,60,0.0065
PALESTINE An-Nasrah,32,42,35,35,17,45,1,1,2,485,0,958,19,60,0.0065
PALESTINE Areeha,31,50,20,35,26,9,1,1,2,-227,0,1040,24,60,0.0065
PALESTINE Ashdod,31,48,0,34,42,0,1,1,2,60,0,978,21,60,0.0065
PALESTINE Asqalan,31,39,41,34,33,35,1,1,2,63,0,1006,22,60,0.0065
PALESTINE Bait Lahem,31,42,33,35,12,8,1,1,2,788,0,924,17,60,0.0065
PALESTINE Beer-Al-Sabea,31,14,47,34,47,46,1,1,2,278,0,981,21,60,0.0065
PALESTINE Beesan,32,29,59,35,29,19,1,1,2,-105,0,1026,23,60,0.0065
PALESTINE Dear Al-Balah,31,25,30,34,20,24,1,1,2,15,0,1011,22,60,0.0065
PALESTINE Ghazza,31,31,27,34,26,45,1,1,2,41,0,1008,22,60,0.0065
PALESTINE Haifa,32,48,0,34,59,0,1,1,2,302,0,978,21,60,0.0065
PALESTINE Jabal Al-Jarmaq,32,59,58,35,24,45,1,1,2,1208,0,879,15,60,0.0065
PALESTINE Jeneen,32,27,11,35,16,22,1,1,2,324,0,976,20,60,0.0065
PALESTINE Khan Yunis,31,20,36,34,17,48,1,1,2,52,0,1007,22,60,0.0065
PALESTINE Nablus,32,13,59,35,16,23,1,1,2,941,0,908,16,60,0.0065
PALESTINE Qalqelyah,32,11,27,34,58,6,1,1,2,75,0,1004,22,60,0.0065
PALESTINE Rafah,31,16,58,34,15,11,1,1,2,79,0,1004,22,60,0.0065
PALESTINE Ramallah,31,53,52,35,12,5,1,1,2,884,0,914,17,60,0.0065
PALESTINE Safad,32,58,13,35,29,41,1,1,2,811,0,922,17,60,0.0065
PALESTINE Tabareyyah,32,47,2,35,30,48,1,1,2,248,0,985,21,60,0.0065
PALESTINE Toolkarem,32,18,52,35,1,50,1,1,2,123,0,999,22,60,0.0065
PALESTINE Umm Al-Rashrash (Elat),29,33,13,34,55,47,1,1,2,146,0,996,22,60,0.0065
PALESTINE Umm Khalid (Natanya),32,19,54,34,51,4,1,1,2,33,0,1009,22,60,0.0065
PALESTINE Ummel-Fahem,32,30,51,35,9,30,1,1,2,503,0,956,19,60,0.0065
PALESTINE Yafa,32,1,19,34,45,22,1,1,2,52,0,1007,22,60,0.0065
PALESTINE Yatta,31,26,53,35,5,17,1,1,2,832,0,919,17,60,0.0065
PANAMA Fort Kobbe,8,55,0,79,36,0,1,0,-5,0,0,1010,10,60,0.0065
PANAMA Panama City,9,4,0,79,23,0,1,0,-5,0,0,1010,10,60,0.0065
PARAGUAY Asuncion,25,14,0,57,31,0,0,0,-4,0,0,1010,10,60,0.0065
PERU Arequipa,16,20,0,71,33,0,0,0,-5,0,0,1010,10,60,0.0065
PERU Chiclayo,6,47,0,79,50,0,0,0,-5,0,0,1010,10,60,0.0065
PERU Cuzco,13,32,0,71,58,0,0,0,-5,0,0,1010,10,60,0.0065
PERU Iquitos,3,45,0,73,12,0,0,0,-5,0,0,1010,10,60,0.0065
PERU Lima,12,2,0,77,7,0,0,0,-5,0,0,1010,10,60,0.0065
PERU Piura,5,12,0,80,37,0,0,0,-5,0,0,1010,10,60,0.0065
PERU Pucallpa,8,20,0,74,38,0,0,0,-5,0,0,1010,10,60,0.0065
PERU Tacna,18,4,0,70,17,0,0,0,-5,0,0,1010,10,60,0.0065
PERU Talara,4,34,0,81,15,0,0,0,-5,0,0,1010,10,60,0.0065
PERU Trujillo,8,5,0,79,7,0,0,0,-5,0,0,1010,10,60,0.0065
PHILIPPINES Cagayan,8,25,0,124,37,0,1,1,8,0,0,1010,10,60,0.0065
PHILIPPINES Davao,7,8,0,125,39,0,1,1,8,0,0,1010,10,60,0.0065
PHILIPPINES Iloilo,10,43,0,122,33,0,1,1,8,0,0,1010,10,60,0.0065
PHILIPPINES Luzon Island,14,48,0,120,16,0,1,1,8,0,0,1010,10,60,0.0065
PHILIPPINES Mactan Island,10,19,0,123,59,0,1,1,8,0,0,1010,10,60,0.0065
PHILIPPINES Manila,14,31,0,121,1,0,1,1,8,0,0,1010,10,60,0.0065
PHILIPPINES Marawi,8,1,10,124,17,32,1,1,8,0,0,1010,10,60,0.0065
POLAND Bialystok,53,7,57,23,10,8,1,1,1,150,0,1010,10,60,0.0065
POLAND Bydgoszcz,53,7,26,18,0,30,1,1,1,100,0,1010,10,60,0.0065
POLAND Bytom,50,20,54,18,54,57,1,1,1,300,0,1010,10,60,0.0065
POLAND Czestochowa,50,49,4,19,7,7,1,1,1,250,0,1010,10,60,0.0065
POLAND Gdansk,54,21,7,18,38,48,1,1,1,50,0,1010,10,60,0.0065
POLAND Gdynia ,54,31,8,18,31,51,1,1,1,50,0,1010,10,60,0.0065
POLAND Gliwice ,50,17,40,18,40,17,1,1,1,300,0,1010,10,60,0.0065
POLAND Katowice,50,15,53,19,1,25,1,1,1,300,0,1010,10,60,0.0065
POLAND Kielce,50,51,58,20,37,43,1,1,1,300,0,1010,10,60,0.0065
POLAND Krakow,50,3,52,19,56,44,1,1,1,300,0,1010,10,60,0.0065
POLAND Lodz,51,45,33,19,27,22,1,1,1,250,0,1010,10,60,0.0065
POLAND Lublin,51,14,48,22,34,7,1,1,1,200,0,1010,10,60,0.0065
POLAND Poznan,52,24,25,16,55,34,1,1,1,100,0,1010,10,60,0.0065
POLAND Radom,51,24,10,21,8,50,1,1,1,200,0,1010,10,60,0.0065
POLAND Sosnowiec,50,17,11,19,6,14,1,1,1,300,0,1010,10,60,0.0065
POLAND Szczecin,53,25,41,14,33,11,1,1,1,50,0,1010,10,60,0.0065
POLAND Torun,53,0,50,18,35,54,1,1,1,100,0,1010,10,60,0.0065
POLAND Warsaw,52,13,46,21,0,41,1,1,1,100,0,1010,10,60,0.0065
POLAND Wroclaw,51,6,29,17,2,19,1,1,1,150,0,1010,10,60,0.0065
POLAND Zabrze,50,18,25,18,46,42,1,1,1,250,0,1010,10,60,0.0065
PORTUGAL Faro,37,1,0,7,58,0,1,0,0,0,0,1010,10,60,0.0065
PORTUGAL Lisbon,38,47,0,9,8,0,1,0,1,0,0,1010,10,60,0.0065
PORTUGAL Porto,41,14,0,8,40,0,1,0,0,0,0,1010,10,60,0.0065
PUERTO RICO Aguadilla,18,30,0,67,8,0,1,0,-4,0,0,1010,10,60,0.0065
PUERTO RICO Roosevelt Roads,18,15,0,65,38,0,1,0,-4,0,0,1010,10,60,0.0065
QATAR Al-Khor,25,40,49,51,28,43,1,1,3,10,0,1010,10,60,0.0065
QATAR Doha,25,17,3,51,24,26,1,1,3,40,0,1010,10,60,0.0065
QATAR Dukhan,25,25,36,50,46,40,1,1,3,20,0,1010,10,60,0.0065
QATAR Madinet Al-Shamal,26,7,0,51,13,0,1,1,3,10,0,1010,10,60,0.0065
QATAR Mseaeed,24,59,20,51,32,14,1,1,3,10,0,1010,10,60,0.0065
QATAR Ras Laffan,25,54,35,51,34,9,1,1,6,10,0,1010,10,60,0.0065
QATAR Shahaniyya,25,24,50,51,10,54,1,1,3,50,0,1010,10,60,0.0065
QATAR Wakra,25,9,53,51,35,26,1,1,3,10,0,1010,10,60,0.0065
ROMANIA Arad,46,11,0,21,16,0,1,1,2,0,0,1010,10,60,0.0065
ROMANIA Bucharest,44,32,0,26,6,0,1,1,2,0,0,1010,10,60,0.0065
ROMANIA Constanta,44,21,0,28,29,0,1,1,-5,0,0,1010,10,60,0.0065
ROMANIA Sibiu,45,47,0,24,5,0,1,1,2,0,0,1010,10,60,0.0065
ROMANIA Timisoara,45,49,0,21,20,0,1,1,2,0,0,1010,10,60,0.0065
ROMANIA Tulcea,45,10,0,28,48,0,1,1,2,0,0,1010,10,60,0.0065
RUSSIA Astrakhan ,48,3,0,46,21,0,1,1,3,0,0,1010,10,60,0.0065
RUSSIA Ekaternburgh,56,50,15,60,32,17,1,1,5,260,0,1010,10,60,0.0065
RUSSIA Moscow,55,45,21,37,37,4,1,1,3,150,0,1010,10,60,0.0065
RUSSIA Tsumada,42,28,55,46,3,11,1,1,3,1177,0,1010,10,60,0.0065
RUSSIA Vladivostok,43,7,24,131,53,57,1,1,10,173,0,1010,10,60,0.0065
RWANDA Kigali,1,58,0,30,8,0,0,1,2,0,0,1010,10,60,0.0065
Refraction,50,0,0,0,0,0,1,1,0,0,0,1010,10,0,0.0065
Refraction2,52,1,45,4,50,18,1,0,0,3,0,1020,18,68,0.0065
SAUDI-ARABIA Abha,18,12,53,42,29,36,1,1,3,2250,0,1010,10,60,0.0065
SAUDI-ARABIA Abu Arish,16,58,1,42,49,31,1,1,3,70,0,1010,10,60,0.0065
SAUDI-ARABIA Alras,25,52,6,43,29,23,1,1,3,700,0,1010,10,60,0.0065
SAUDI-ARABIA Arar,30,59,8,41,1,13,1,1,3,540,0,1010,10,60,0.0065
SAUDI-ARABIA Baha,20,0,20,41,27,8,1,1,3,2180,0,1010,10,60,0.0065
SAUDI-ARABIA Baish,17,22,24,42,31,48,1,1,3,80,0,1010,10,60,0.0065
SAUDI-ARABIA Barzayn,18,12,11,42,48,13,1,1,3,2080,0,1010,10,60,0.0065
SAUDI-ARABIA Bisha,20,0,1,42,35,53,1,1,3,1170,0,1010,10,60,0.0065
SAUDI-ARABIA Bukayriyah,26,8,29,43,39,5,1,1,3,670,0,1010,10,60,0.0065
SAUDI-ARABIA Buqayq,25,56,1,49,39,15,1,1,3,100,0,1010,10,60,0.0065
SAUDI-ARABIA Buraydah,26,20,16,43,57,26,1,1,3,610,0,1010,10,60,0.0065
SAUDI-ARABIA Dammam,26,25,46,50,3,55,1,1,3,10,0,1010,10,60,0.0065
SAUDI-ARABIA Dawadimi,24,30,3,44,22,20,1,1,3,990,0,1010,10,60,0.0065
SAUDI-ARABIA Dhahran,26,17,16,50,6,44,1,1,3,50,0,1010,10,60,0.0065
SAUDI-ARABIA Fegrah,24,19,44,38,56,9,1,1,3,1904,0,1010,10,60,0.0065
SAUDI-ARABIA Hafar Al-Batin,28,26,2,45,57,42,1,1,3,320,0,1010,10,60,0.0065
SAUDI-ARABIA Hail,27,31,26,41,40,29,1,1,3,1020,0,1010,10,60,0.0065
SAUDI-ARABIA Halet Ammar,29,9,39,36,4,25,1,1,3,720,0,1010,10,60,0.0065
SAUDI-ARABIA Hanidh,26,34,39,48,37,53,1,1,3,120,0,1010,10,60,0.0065
SAUDI-ARABIA Hawtit Sudear,25,35,51,45,36,51,1,1,3,730,0,1010,10,60,0.0065
SAUDI-ARABIA Hofuf,25,22,53,49,34,19,1,1,3,160,0,1010,10,60,0.0065
SAUDI-ARABIA Jeddah,21,33,7,39,6,50,1,1,3,30,0,1010,10,60,0.0065
SAUDI-ARABIA Jizan,16,53,28,42,32,30,1,1,3,20,0,1010,10,60,0.0065
SAUDI-ARABIA Jouf,29,47,23,40,6,1,1,1,3,680,0,1010,10,60,0.0065
SAUDI-ARABIA Jubail,26,59,53,49,38,59,1,1,3,20,0,1010,10,60,0.0065
SAUDI-ARABIA Khamasin,20,27,58,44,47,53,1,1,3,690,0,1010,10,60,0.0065
SAUDI-ARABIA Khamis Mushait,18,18,48,42,41,53,1,1,3,2020,0,1010,10,60,0.0065
SAUDI-ARABIA Khobar,26,17,4,50,11,42,1,1,3,30,0,1010,10,60,0.0065
SAUDI-ARABIA Madinah,24,28,6,39,36,40,1,1,3,609,0,1010,10,60,0.0065
SAUDI-ARABIA Majmaah,25,54,29,45,21,3,1,1,3,720,0,1010,10,60,0.0065
SAUDI-ARABIA Makkah,21,25,22,39,49,31,1,1,3,304,0,1010,10,60,0.0065
SAUDI-ARABIA Musayjid,24,5,9,39,5,36,1,1,3,460,0,1010,10,60,0.0065
SAUDI-ARABIA Najran,17,32,20,44,12,47,1,1,3,1300,0,1010,10,60,0.0065
SAUDI-ARABIA Qaisumah,28,18,32,46,7,9,1,1,3,370,0,1010,10,60,0.0065
SAUDI-ARABIA Qaryat Al-Ulia,27,33,38,47,41,53,1,1,3,180,0,1010,10,60,0.0065
SAUDI-ARABIA Qassim,26,20,56,43,46,3,1,1,3,670,0,1010,10,60,0.0065
SAUDI-ARABIA Qatif,26,33,32,49,59,44,1,1,3,20,0,1010,10,60,0.0065
SAUDI-ARABIA Qrayyat,31,20,3,37,19,54,1,1,3,500,0,1010,10,60,0.0065
SAUDI-ARABIA Rabigh,22,47,56,39,1,48,1,1,3,10,0,1010,10,60,0.0065
SAUDI-ARABIA Rafha,29,38,3,43,30,22,1,1,3,450,0,1010,10,60,0.0065
SAUDI-ARABIA Ranyah,21,15,21,42,50,37,1,1,3,930,0,1010,10,60,0.0065
SAUDI-ARABIA Ras Tunnurah,26,42,21,50,3,21,1,1,3,20,0,1010,10,60,0.0065
SAUDI-ARABIA Riyadh,24,42,28,46,41,22,1,1,3,610,0,1010,10,60,0.0065
SAUDI-ARABIA Sakakah,29,57,46,40,11,40,1,1,3,570,0,1010,10,60,0.0065
SAUDI-ARABIA Shaqra,25,14,13,45,14,47,1,1,3,730,0,1010,10,60,0.0065
SAUDI-ARABIA Sharurah,17,29,48,47,6,12,1,1,3,730,0,1010,10,60,0.0065
SAUDI-ARABIA Sudear,25,36,0,45,37,8,1,1,3,700,0,1010,10,60,0.0065
SAUDI-ARABIA Tabuk,28,24,22,36,32,32,1,1,3,770,0,1010,10,60,0.0065
SAUDI-ARABIA Taif,21,16,6,40,24,8,1,1,3,1700,0,1010,10,60,0.0065
SAUDI-ARABIA Tayma,27,37,8,38,31,19,1,1,3,840,0,1010,10,60,0.0065
SAUDI-ARABIA Turaif,31,40,34,38,38,53,1,1,3,840,0,1010,10,60,0.0065
SAUDI-ARABIA Umlaj,25,2,13,37,15,16,1,1,3,20,0,1010,10,60,0.0065
SAUDI-ARABIA Unayzah,26,5,47,43,59,5,1,1,3,660,0,1010,10,60,0.0065
SAUDI-ARABIA Wajh,26,14,49,36,26,50,1,1,3,30,0,1010,10,60,0.0065
SAUDI-ARABIA Yanbo,24,5,15,38,2,44,1,1,3,20,0,1010,10,60,0.0065
SENEGAL Dakar,14,44,59,17,20,1,1,0,0,10,0,1010,10,60,0.0065
SIERRA-LEONE Freetown,8,29,3,13,13,43,1,0,0,50,0,1010,10,60,0.0065
SINGAPORE Singapore,1,21,0,103,59,0,1,1,8,0,0,1010,10,60,0.0065
SINGAPORE Bedok,1,19,25,103,55,39,1,1,8,10,0,1010,10,60,0.0065
SINGAPORE Jurong West,1,21,7,103,42,10,1,1,8,10,0,1010,10,60,0.0065
SINGAPORE Tampines,1,20,59,103,57,24,1,1,8,10,0,1010,10,60,0.0065
SINGAPORE Woodland,1,24,44,103,46,9,1,1,8,10,0,1010,10,60,0.0065
SINGAPORE Hougang,1,22,17,103,53,33,1,1,8,10,0,1010,10,60,0.0065
SINGAPORE Choa Chu Kang,1,23,6,103,44,0,1,1,8,10,0,1010,10,60,0.0065
SINGAPORE Pasir Ris,1,22,21,103,56,58,1,1,8,10,0,1010,10,60,0.0065
SLOVAKIA Bratislava,48,10,0,17,13,0,1,1,1,0,0,1010,10,60,0.0065
SLOVAKIA Prague,50,6,0,14,16,0,1,1,1,0,0,1010,10,60,0.0065
SOLOMON-ISLAND Honiara,9,26,0,160,3,0,0,1,11,0,0,1010,10,60,0.0065
SOMALIA Hargeisa,9,31,0,44,6,0,1,1,3,0,0,1010,10,60,0.0065
SOMALIA Mogadishu,2,3,0,45,19,48,1,1,3,57,0,1007,30,60,0.0065
SOUTH-AFRICA Bloemfontein,29,6,0,26,18,0,0,1,2,0,0,1010,10,60,0.0065
SOUTH-AFRICA Capetown,33,58,0,18,36,0,0,1,2,0,0,1010,10,60,0.0065
SOUTH-AFRICA Durban,29,58,0,30,57,0,0,1,2,0,0,1010,10,60,0.0065
SOUTH-AFRICA George,33,58,0,22,25,0,0,1,2,0,0,1010,10,60,0.0065
SOUTH-AFRICA Johannesburg,26,8,0,28,15,0,0,1,2,0,0,1010,10,60,0.0065
SOUTH-AFRICA Kimberley,28,48,0,24,46,0,0,1,2,0,0,1010,10,60,0.0065
SOUTH-AFRICA Pietersburg,23,51,0,29,27,0,0,1,2,0,0,1010,10,60,0.0065
SOUTH-AFRICA Pretoria,25,44,25,28,11,17,0,1,2,1313,0,1010,10,60,0.0065
SOUTH-AFRICA Upington,28,24,0,21,15,0,0,1,2,0,0,1010,10,60,0.0065
SOUTH-AFRICA Welkom,27,60,0,26,40,0,0,1,2,0,0,1010,10,60,0.0065
SOUTH-KOREA Cheju,33,30,0,126,30,0,1,1,9,0,0,1010,10,60,0.0065
SOUTH-KOREA Kusan,35,54,0,126,37,0,1,1,9,0,0,1010,10,60,0.0065
SOUTH-KOREA Kwangju,35,7,0,126,49,0,1,1,9,0,0,1010,10,60,0.0065
SOUTH-KOREA Osan,37,5,0,127,2,0,1,1,9,0,0,1010,10,60,0.0065
SOUTH-KOREA Pusan,35,10,0,129,8,0,1,1,9,0,0,1010,10,60,0.0065
SOUTH-KOREA Seoul,37,33,0,126,48,0,1,1,9,0,0,1010,10,60,0.0065
SOUTH-KOREA Taegu,35,53,0,128,40,0,1,1,9,0,0,1010,10,60,0.0065
SPAIN Alicante,38,17,0,0,34,0,1,0,1,0,0,1010,10,60,0.0065
SPAIN Almeria,36,51,0,2,22,0,1,0,1,0,0,1010,10,60,0.0065
SPAIN Asturias,43,26,0,5,50,0,1,0,1,0,0,1010,10,60,0.0065
SPAIN Badajoz,38,54,0,6,49,0,1,0,1,0,0,1010,10,60,0.0065
SPAIN Barcelona,41,18,0,2,6,0,1,1,1,0,0,1010,10,60,0.0065
SPAIN Bilbao,43,18,0,2,55,0,1,0,1,0,0,1010,10,60,0.0065
SPAIN Fuerteventura,28,27,0,13,52,0,1,0,1,0,0,1010,10,60,0.0065
SPAIN Gerona,41,55,0,2,46,0,1,1,1,0,0,1010,10,60,0.0065
SPAIN Gran Canaria,27,56,0,15,23,0,1,0,1,0,0,1010,10,60,0.0065
SPAIN Granada,37,11,0,3,47,0,1,0,1,0,0,1010,10,60,0.0065
SPAIN Ibiza,38,52,0,1,22,0,1,1,1,0,0,1010,10,60,0.0065
SPAIN Ishbilia,37,23,14,5,59,52,1,0,1,14,0,1010,10,60,0.0065
SPAIN Jerez Frontera,36,45,0,6,4,0,1,0,1,0,0,1010,10,60,0.0065
SPAIN Lanzarote,28,57,0,13,36,0,1,0,1,0,0,1010,10,60,0.0065
SPAIN Madrid,40,29,0,3,27,0,1,0,1,0,0,1010,10,60,0.0065
SPAIN Mahon,39,52,0,4,13,0,1,1,1,0,0,1010,10,60,0.0065
SPAIN Malaga,36,40,0,4,30,0,1,0,1,0,0,1010,10,60,0.0065
SPAIN Moron,37,11,0,5,37,0,1,0,1,0,0,1010,10,60,0.0065
SPAIN Murcia,37,46,0,0,49,0,1,0,1,0,0,1010,10,60,0.0065
SPAIN Palma Mallorca,39,33,0,2,44,0,1,1,1,0,0,1010,10,60,0.0065
SPAIN Pamplona,42,46,0,1,39,0,1,0,1,0,0,1010,10,60,0.0065
SPAIN Reus,41,9,0,1,10,0,1,1,1,0,0,1010,10,60,0.0065
SPAIN Santander,43,26,0,3,50,0,1,0,1,0,0,1010,10,60,0.0065
SPAIN Seville,37,25,0,5,54,0,1,0,1,0,0,1010,10,60,0.0065
SPAIN Tenerife,28,16,0,16,27,0,1,0,1,0,0,1010,10,60,0.0065
SPAIN Valencia,39,29,0,0,29,0,1,0,1,0,0,1010,10,60,0.0065
SPAIN Valladolid,41,42,0,4,51,0,1,0,1,0,0,1010,10,60,0.0065
SPAIN Vigo,42,14,0,8,38,0,1,0,1,0,0,1010,10,60,0.0065
SPAIN Vitoria,42,53,0,2,43,0,1,0,1,0,0,1010,10,60,0.0065
SPAIN Zaragoza,41,40,0,1,2,0,1,0,1,0,0,1010,10,60,0.0065
SRI-LANKA Colombo,7,11,0,79,53,0,1,1,5.5,0,0,1010,10,60,0.0065
SRI-LANKA Jaffna,9,48,0,80,5,0,1,1,5.5,0,0,1010,10,60,0.0065
SUDAN El Obeid,13,10,0,30,14,0,1,1,3,0,0,1010,10,60,0.0065
SUDAN Khartoum,15,35,17,32,32,3,1,1,3,385,0,970,28,60,0.0065
SUDAN Port Sudan,19,35,0,37,13,0,1,1,3,0,0,1010,10,60,0.0065
SURINAME Paramaribo,5,49,5,55,12,58,1,0,-3,10,0,1010,10,60,0.0065
SWEDEN Boras,57,43,15,12,56,25,1,1,1,150,0,1010,10,60,0.0065
SWEDEN Eskilstuna,59,22,0,16,27,56,1,1,1,50,0,1010,10,60,0.0065
SWEDEN Gavle,60,40,29,17,8,30,1,1,1,50,0,1010,10,60,0.0065
SWEDEN Gothenburg,57,41,50,11,59,11,1,1,1,50,0,1010,10,60,0.0065
SWEDEN Halmstad,56,40,27,12,51,27,1,1,1,50,0,1010,10,60,0.0065
SWEDEN Helsingborg,56,2,49,12,41,43,1,1,1,50,0,1010,10,60,0.0065
SWEDEN Jonkoping,57,46,55,14,9,31,1,1,1,100,0,1010,10,60,0.0065
SWEDEN Karlstad,59,22,42,13,30,15,1,1,1,75,0,1010,10,60,0.0065
SWEDEN Linkoping,58,24,57,15,37,30,1,1,1,50,0,1010,10,60,0.0065
SWEDEN Malmo,55,36,12,13,0,5,1,1,1,50,0,1010,10,60,0.0065
SWEDEN Norrkoping,58,35,40,16,10,59,1,1,1,50,0,1010,10,60,0.0065
SWEDEN Orebro,59,16,25,15,12,27,1,1,1,50,0,1010,10,60,0.0065
SWEDEN Sodertalje,59,11,46,17,37,40,1,1,1,50,0,1010,10,60,0.0065
SWEDEN Stockholm,59,19,58,18,3,52,1,1,1,50,0,1010,10,60,0.0065
SWEDEN Taby,59,26,37,18,4,8,1,1,1,50,0,1010,10,60,0.0065
SWEDEN Umea,63,49,44,20,15,30,1,1,1,50,0,1010,10,60,0.0065
SWEDEN Uppsala,59,51,29,17,38,41,1,1,1,50,0,1010,10,60,0.0065
SWEDEN Vasteras,59,36,38,16,32,36,1,1,1,50,0,1010,10,60,0.0065
SWEDEN Vaxjo,56,52,38,14,48,30,1,1,1,200,0,1010,10,60,0.0065
SWITZERLAND Basle,47,35,0,7,32,0,1,1,1,0,0,1010,10,60,0.0065
SWITZERLAND Geneva,46,14,0,6,7,0,1,1,1,0,0,1010,10,60,0.0065
SWITZERLAND Lugano,46,0,0,8,55,0,1,1,1,0,0,1010,10,60,0.0065
SWITZERLAND Zurich,47,28,0,8,33,0,1,1,1,0,0,1010,10,60,0.0065
SYRIA Aleppo,36,11,0,37,14,0,1,1,2,0,0,1010,10,60,0.0065
SYRIA Ar Raqqa,35,57,43,38,58,32,1,1,2,248,0,1010,10,60,0.0065
SYRIA Damascus,33,30,0,36,18,0,1,1,2,691,0,935,21,60,0.0065
SYRIA Deir Ezzor,35,17,0,40,11,0,1,1,2,0,0,1010,10,60,0.0065
SYRIA Kameshli,37,2,0,41,12,0,1,1,2,0,0,1010,10,60,0.0065
SYRIA Latheqeyah,35,31,39,35,45,57,1,1,2,0,0,1010,10,60,0.0065
TAIWAN Chiayi,23,28,0,120,23,0,1,1,8,0,0,1010,10,60,0.0065
TAIWAN Hualien,24,1,0,121,37,0,1,1,8,0,0,1010,10,60,0.0065
TAIWAN Kaohsiung,22,34,0,120,21,0,1,1,8,0,0,1010,10,60,0.0065
TAIWAN Makung,23,34,0,119,37,0,1,1,8,0,0,1010,10,60,0.0065
TAIWAN Tainan,22,57,0,120,12,0,1,1,8,0,0,1010,10,60,0.0065
TAIWAN Taipei,25,4,0,121,33,0,1,1,8,0,0,1010,10,60,0.0065
TAIWAN Taitung,22,48,0,121,11,0,1,1,8,0,0,1010,10,60,0.0065
TAJIKISTAN Dushanbe,38,32,12,68,46,47,1,1,5,800,0,1010,10,60,0.0065
TANZANIA Dar Es Salaam,6,49,23,39,16,11,0,1,3,30,0,1010,10,60,0.0065
TANZANIA Dodoma,6,10,0,35,45,0,0,1,3,0,0,1010,10,60,0.0065
TANZANIA Kilimanjaro,3,26,0,37,4,0,0,1,3,0,0,1010,10,60,0.0065
TANZANIA Mtwara,10,20,0,40,12,0,0,1,3,0,0,1010,10,60,0.0065
TANZANIA Mwanza,2,27,0,32,56,0,0,1,3,0,0,1010,10,60,0.0065
TANZANIA Zanzibar,6,13,0,39,13,0,0,1,3,0,0,1010,10,60,0.0065
THAILAND Bangkok,13,55,0,100,37,0,1,1,7,0,0,1010,10,60,0.0065
THAILAND Chiang Mai,18,46,0,98,58,0,1,1,7,0,0,1010,10,60,0.0065
THAILAND Hat Yai,6,56,0,100,24,0,1,1,7,0,0,1010,10,60,0.0065
THAILAND Phitsanulok,16,47,0,100,17,0,1,1,7,0,0,1010,10,60,0.0065
THAILAND Phuket,8,7,0,98,19,0,1,1,7,0,0,1010,10,60,0.0065
THAILAND Takhli,15,17,0,100,18,0,1,1,7,0,0,1010,10,60,0.0065
THAILAND Udon Thani,17,23,0,102,48,0,1,1,7,0,0,1010,10,60,0.0065
THAILAND Utapao,12,41,0,101,1,0,1,1,7,0,0,1010,10,60,0.0065
TIMOR LESTE Aileu,8,42,16,125,36,34,0,1,9,10,0,1010,10,60,0.0065
TIMOR LESTE Ainaro,8,57,30,125,30,29,0,1,9,10,0,1010,10,60,0.0065
TIMOR LESTE Atauro,8,9,28,125,38,17,0,1,9,10,0,1010,10,60,0.0065
TIMOR LESTE Baucau,8,33,16,126,28,45,0,1,9,10,0,1010,10,60,0.0065
TIMOR LESTE Bobonaro,8,57,56,125,15,32,0,1,9,10,0,1010,10,60,0.0065
TIMOR LESTE Cova Lima,9,15,54,125,15,32,0,1,9,10,0,1010,10,60,0.0065
TIMOR LESTE Dili,8,14,42,125,35,16,0,1,9,10,0,1010,10,60,0.0065
TIMOR LESTE Ermera,8,45,9,125,23,55,0,1,9,10,0,1010,10,60,0.0065
TIMOR LESTE Lautem,8,21,51,126,54,16,0,1,9,10,0,1010,10,60,0.0065
TIMOR LESTE Liquica,8,40,3,125,15,32,0,1,9,10,0,1010,10,60,0.0065
TIMOR LESTE Manatuto,8,30,56,126,0,57,0,1,9,10,0,1010,10,60,0.0065
TIMOR LESTE Manufahi,9,0,52,125,49,41,0,1,9,10,0,1010,10,60,0.0065
TIMOR LESTE Oecusse-Ambeno,9,19,1,124,17,31,0,1,9,10,0,1010,10,60,0.0065
TIMOR LESTE Viqueque,8,51,35,126,21,48,0,1,9,10,0,1010,10,60,0.0065
TOGO Lome,6,8,16,1,12,45,1,1,0,10,0,1010,10,60,0.0065
TUNISIA Bizerte,37,16,46,9,51,45,1,1,1,50,0,1010,10,60,0.0065
TUNISIA Gabes,33,52,2,10,5,46,1,1,1,20,0,1010,10,60,0.0065
TUNISIA Gafsa,34,25,50,8,46,47,1,1,1,310,0,1010,10,60,0.0065
TUNISIA Hammamet,36,24,4,10,36,57,1,1,1,20,0,1010,10,60,0.0065
TUNISIA Jarba Hawmet Assuq,33,52,26,10,51,38,1,1,1,10,0,1010,10,60,0.0065
TUNISIA Jarjis,33,30,10,11,5,22,1,1,1,20,0,1010,10,60,0.0065
TUNISIA Kasserine,35,9,53,8,49,53,1,1,1,700,0,1010,10,60,0.0065
TUNISIA Mahdiya,35,30,17,11,2,48,1,1,1,10,0,1010,10,60,0.0065
TUNISIA Monastir,35,46,16,10,48,51,1,1,1,30,0,1010,10,60,0.0065
TUNISIA Napuel,36,27,15,10,44,3,1,1,1,20,0,1010,10,60,0.0065
TUNISIA Qayrawan,35,40,37,10,5,33,1,1,1,70,0,1010,10,60,0.0065
TUNISIA Sfax,34,46,6,10,44,13,1,1,1,30,0,1010,10,60,0.0065
TUNISIA Sidi Bouzid,35,2,8,9,28,27,1,1,1,340,0,1010,10,60,0.0065
TUNISIA Sousse,35,49,33,10,36,44,1,1,1,50,0,1010,10,60,0.0065
TUNISIA Tabarqa,36,57,2,8,45,7,1,1,1,70,0,1010,10,60,0.0065
TUNISIA Tozeur,33,55,27,8,7,49,1,1,1,50,0,1010,10,60,0.0065
TUNISIA Tunis,36,49,4,10,10,1,1,1,1,25,0,1010,10,60,0.0065
TURKEY Adana,36,59,0,35,17,0,1,1,2,0,0,1010,10,60,0.0065
TURKEY Ankara,39,55,15,32,51,15,1,1,2,900,0,1010,10,60,0.0065
TURKEY Antalya,36,54,0,30,47,0,1,1,2,0,0,1010,10,60,0.0065
TURKEY Balikesir,39,37,0,27,56,0,1,1,2,0,0,1010,10,60,0.0065
TURKEY Dalaman,36,43,0,28,48,0,1,1,2,0,0,1010,10,60,0.0065
TURKEY Diyarbakir,37,54,0,40,12,0,1,1,2,0,0,1010,10,60,0.0065
TURKEY Erzurum,39,57,0,41,10,0,1,1,2,0,0,1010,10,60,0.0065
TURKEY Gaziantep,36,57,0,37,29,0,1,1,2,0,0,1010,10,60,0.0065
TURKEY Istanbul,40,59,0,28,49,0,1,1,2,0,0,1010,10,60,0.0065
TURKEY Izmir,38,17,0,27,10,0,1,1,2,0,0,1010,10,60,0.0065
TURKEY Kayseri,38,42,0,35,31,0,1,1,2,0,0,1010,10,60,0.0065
TURKEY Konya,37,59,0,32,34,0,1,1,2,0,0,1010,10,60,0.0065
TURKEY Malatya,38,21,0,38,15,0,1,1,2,0,0,1010,10,60,0.0065
TURKEY Sivas,39,49,0,36,54,0,1,1,2,0,0,1010,10,60,0.0065
TURKEY Van,38,28,0,43,20,0,1,1,2,0,0,1010,10,60,0.0065
TURKMENISTAN Ashgabat,37,57,0,58,22,50,1,1,5,250,0,1010,10,60,0.0065
UAE-AD-Ain,24,12,10,55,34,5,1,1,4,287,40,981,28,60,0.0065
UAE-AD-Al Sala,24,1,15,51,45,44,1,1,4,120,0,1000,29,60,0.0065
UAE-AD-Arzena,24,47,33,52,33,35,1,1,4,111,0,1001,29,60,0.0065
UAE-AD-Asab,23,18,10,54,13,7,1,1,4,206,0,990,29,60,0.0065
UAE-AD-Bida Mutawaah,23,47,1,52,33,58,1,1,4,138,25,998,29,60,0.0065
UAE-AD-Bu Hasa,23,32,0,53,18,0,1,1,4,196,0,991,29,60,0.0065
UAE-AD-Dabaeyeh,24,17,35,54,5,31,1,1,4,77,0,1004,30,60,0.0065
UAE-AD-Das,25,9,31,52,52,20,1,1,4,94,0,1003,29,60,0.0065
UAE-AD-Dilma,24,31,3,52,18,33,1,1,4,147,0,997,29,60,0.0065
UAE-AD-Gafay,24,35,1,51,43,22,1,1,4,81,0,1004,30,60,0.0065
UAE-AD-Ghagha,24,24,49,51,32,27,1,1,4,82,0,1004,30,60,0.0065
UAE-AD-Ghiyathi,23,50,9,52,48,27,1,1,4,147,0,997,29,60,0.0065
UAE-AD-Ghweafat,24,7,34,51,36,58,1,1,4,124,15,999,29,60,0.0065
UAE-AD-Gooa,23,28,8,55,18,14,1,1,4,191,0,992,29,60,0.0065
UAE-AD-Hafit,24,3,34,55,46,42,1,1,4,1023,0,902,23,60,0.0065
UAE-AD-Hamim,22,58,0,54,18,0,1,1,4,212,0,989,29,60,0.0065
UAE-AD-Hear,24,35,6,55,44,21,1,1,4,378,0,971,28,60,0.0065
UAE-AD-Jabal Dhannah,24,9,58,52,36,10,1,1,4,159,13,995,29,60,0.0065
UAE-AD-Khatam,24,11,56,54,57,57,1,1,4,165,28,995,29,60,0.0065
UAE-AD-Madinat Zayed,23,38,42,53,37,14,1,1,4,191,0,992,29,60,0.0065
UAE-AD-Mafraq,24,17,16,54,33,11,1,1,4,81,20,1004,30,60,0.0065
UAE-AD-Marfa,24,5,30,53,29,36,1,1,4,121,27,999,29,60,0.0065
UAE-AD-Mizyad,24,4,29,55,49,13,1,1,4,393,20,969,28,60,0.0065
UAE-AD-Mkhearez,22,56,12,52,52,50,1,1,4,196,0,991,29,60,0.0065
UAE-AD-Musaffah,24,22,2,54,28,19,1,1,4,0,35,996,29,60,0.0065
UAE-AD-Mzearaah,23,7,55,53,46,5,1,1,4,245,0,986,28,60,0.0065
UAE-AD-Ruweas,24,4,54,52,39,19,1,1,4,117,0,1000,29,60,0.0065
UAE-AD-Shahamah,24,37,12,54,37,7,1,1,4,76,25,1005,30,60,0.0065
UAE-AD-Shweab,24,44,1,55,46,39,1,1,4,363,0,972,28,60,0.0065
UAE-AD-Sir Bani Yas,24,19,25,52,35,49,1,1,4,200,0,991,29,60,0.0065
UAE-AD-Sweahan,24,27,48,55,20,29,1,1,4,236,0,987,29,60,0.0065
UAE-AD-Taref,24,3,14,53,45,57,1,1,4,91,0,1003,29,60,0.0065
UAE-AD-Umm Hisn,23,0,22,53,25,38,1,1,4,193,0,991,29,60,0.0065
UAE-AD-Umm Zmool,22,43,0,55,8,13,1,1,4,186,0,992,29,60,0.0065
UAE-AD-Wegen,23,38,34,55,27,37,1,1,4,229,0,987,29,60,0.0065
UAE-AD-Yahar,24,12,21,55,16,29,1,1,4,233,30,987,29,60,0.0065
UAE-AD-Zirkowa,24,53,11,53,4,10,1,1,4,207,0,990,29,60,0.0065
UAE-AJM-Ajman,25,23,35,55,25,40,1,1,4,77,8,1004,30,60,0.0065
UAE-AJM-Masfut,24,48,36,56,6,34,1,1,4,461,0,962,27,60,0.0065
UAE-DUB-Dubai,25,15,35,55,16,16,1,1,4,78,15,1004,30,60,0.0065
UAE-DUB-Hatta,24,47,53,56,6,59,1,1,4,430,0,965,27,60,0.0065
UAE-DUB-Jabal Ali,25,0,56,55,2,59,1,1,4,81,0,1004,30,60,0.0065
UAE-FUJ-Agga,25,30,2,56,21,20,1,1,4,150,0,996,29,60,0.0065
UAE-FUJ-Bidya,25,25,56,56,20,27,1,1,4,150,0,996,29,60,0.0065
UAE-FUJ-Bithna,25,11,27,56,13,56,1,1,4,241,0,986,28,60,0.0065
UAE-FUJ-Diba,25,36,12,56,18,1,1,1,4,150,0,996,29,60,0.0065
UAE-FUJ-Fujearah,25,8,26,56,18,50,1,1,4,150,0,996,29,60,0.0065
UAE-FUJ-Habhab,25,35,46,56,0,4,1,1,4,92,0,1003,29,60,0.0065
UAE-FUJ-Masafi,25,17,59,56,9,59,1,1,4,502,0,957,27,60,0.0065
UAE-FUJ-Qidfa,25,16,59,56,20,54,1,1,4,150,0,996,29,60,0.0065
UAE-FUJ-Siji,25,14,52,56,4,41,1,1,4,328,0,976,28,60,0.0065
UAE-FUJ-Tweyyeen,25,30,52,56,4,13,1,1,4,247,0,985,28,60,0.0065
UAE-RAK-Athen,25,27,10,56,0,12,1,1,4,217,0,989,29,60,0.0065
UAE-RAK-Hwealat,24,52,32,56,10,23,1,1,4,299,0,980,28,60,0.0065
UAE-RAK-Masafi,25,18,18,56,10,6,1,1,4,540,0,953,27,60,0.0065
UAE-RAK-Mneay,24,56,52,56,8,44,1,1,4,332,0,976,28,60,0.0065
UAE-RAK-Rasel Kheamah,25,48,41,55,57,3,1,1,4,150,0,996,29,60,0.0065
UAE-RAK-Shaam,26,1,26,56,5,12,1,1,4,160,0,995,29,60,0.0065
UAE-RAK-Shoakah,25,5,51,56,1,37,1,1,4,329,0,976,28,60,0.0065
UAE-RAK-Tonb Alkubra,26,16,15,55,17,59,1,1,4,106,0,1001,29,60,0.0065
UAE-SHJ-Abu Musa,25,53,2,55,2,0,1,1,4,113,0,1000,29,60,0.0065
UAE-SHJ-Dhead,25,16,56,55,53,25,1,1,4,196,0,991,29,60,0.0065
UAE-SHJ-Diba,25,37,0,56,16,0,1,1,4,92,0,1003,29,60,0.0065
UAE-SHJ-Kalba,25,4,23,56,21,28,1,1,4,99,0,1002,29,60,0.0065
UAE-SHJ-Khour Fakkan,25,20,29,56,20,30,1,1,4,107,0,1001,29,60,0.0065
UAE-SHJ-Sharjah,25,19,58,55,21,45,1,1,4,78,13,1004,30,60,0.0065
UAE-SHJ-Sir Bo Nair,25,14,3,54,13,6,1,1,4,126,0,999,29,60,0.0065
UAE-UMQ-Ummel Quwean,25,33,23,55,32,33,1,1,4,79,0,1004,30,60,0.0065
UGANDA Entebbe,0,3,0,32,26,0,1,1,3,0,0,1010,10,60,0.0065
UK Birmingham,52,28,59,1,53,38,1,0,0,200,0,1010,10,60,0.0065
UK Bradford,53,47,38,1,45,9,1,0,0,150,0,1010,10,60,0.0065
UK Bristol ,51,27,19,2,35,31,1,0,0,100,0,1010,10,60,0.0065
UK Coventry ,52,24,21,1,30,46,1,0,0,100,0,1010,10,60,0.0065
UK Derby ,52,55,19,1,28,33,1,0,0,100,0,1010,10,60,0.0065
UK Hull,53,44,40,0,19,57,1,0,0,50,0,1010,10,60,0.0065
UK Leeds,53,47,59,1,32,56,1,0,0,50,0,1010,10,60,0.0065
UK Leicester ,52,38,5,1,7,47,1,0,0,100,0,1010,10,60,0.0065
UK Liverpool,53,24,39,2,58,41,1,0,0,50,0,1010,10,60,0.0065
UK London,51,30,1,0,7,35,1,0,0,50,0,1010,10,60,0.0065
UK Manchester,53,28,51,2,14,4,1,0,0,100,0,1010,10,60,0.0065
UK Nottingham,52,57,19,1,8,57,1,0,0,50,0,1010,10,60,0.0065
UK Plymouth,50,22,14,4,8,34,1,0,0,150,0,1010,10,60,0.0065
UK Sheffield ,53,22,59,1,27,53,1,0,0,200,0,1010,10,60,0.0065
UK Stoke-on-Trent ,53,1,36,2,10,37,1,0,0,150,0,1010,10,60,0.0065
UK Wolverhampton,52,35,9,2,7,46,1,0,0,150,0,1010,10,60,0.0065
UKRAINE Cherkasy,49,26,2,32,4,19,1,1,2,150,0,1010,10,60,0.0065
UKRAINE Chernigov,51,29,58,31,16,47,1,1,2,150,0,1010,10,60,0.0065
UKRAINE Dnipropetrovsk,48,25,23,35,8,17,1,1,2,100,0,1010,10,60,0.0065
UKRAINE Donetsk,47,59,16,37,45,43,1,1,2,200,0,1010,10,60,0.0065
UKRAINE Kharkov,49,59,23,36,12,30,1,1,2,150,0,1010,10,60,0.0065
UKRAINE Kherson,46,39,12,32,37,46,1,1,2,50,0,1010,10,60,0.0065
UKRAINE Kiev,50,26,28,30,31,38,1,1,2,200,0,1010,10,60,0.0065
UKRAINE Kryvyi Rih,47,54,29,33,23,38,1,1,2,100,0,1010,10,60,0.0065
UKRAINE Luhansk,48,34,45,39,17,58,1,1,2,100,0,1010,10,60,0.0065
UKRAINE Lviv,49,50,14,24,2,4,1,1,2,300,0,1010,10,60,0.0065
UKRAINE Makiivka,48,3,11,37,57,2,1,1,2,250,0,1010,10,60,0.0065
UKRAINE Mariupol,47,6,38,37,35,45,1,1,2,50,0,1010,10,60,0.0065
UKRAINE Mykolaiv,46,57,3,31,59,15,1,1,2,50,0,1010,10,60,0.0065
UKRAINE Odesa,46,27,56,30,42,2,1,1,2,100,0,1010,10,60,0.0065
UKRAINE Poltava,49,35,34,34,33,4,1,1,2,200,0,1010,10,60,0.0065
UKRAINE Sevastopol,44,36,18,33,32,28,1,1,2,50,0,1010,10,60,0.0065
UKRAINE Simferopol,44,57,43,34,6,24,1,1,2,250,0,1010,10,60,0.0065
UKRAINE Sumy,50,54,38,34,48,20,1,1,2,150,0,1010,10,60,0.0065
UKRAINE Vinnytsia,49,13,57,28,28,28,1,1,2,300,0,1010,10,60,0.0065
UKRAINE Zaporizhzhya,47,51,8,35,9,19,1,1,2,100,0,1010,10,60,0.0065
URUGUAY Montevideo,34,50,0,56,2,0,0,0,-3,0,0,1010,10,60,0.0065
USA-(AK) Adak Island,51,53,0,176,39,0,1,0,-9,0,0,1010,10,60,0.0065
USA-(AK) Anchorage,61,10,0,149,59,0,1,0,-9,0,0,1010,10,60,0.0065
USA-(AK) Annette Island,55,2,0,131,34,0,1,0,-9,0,0,1010,10,60,0.0065
USA-(AK) Barrow,71,17,0,156,46,0,1,0,-9,0,0,1010,10,60,0.0065
USA-(AK) Bethel,60,47,0,161,50,0,1,0,-9,0,0,1010,10,60,0.0065
USA-(AK) Big Delta,63,60,0,145,43,0,1,0,-9,0,0,1010,10,60,0.0065
USA-(AK) Brooks Lake,58,36,0,156,14,0,1,0,-9,0,0,1010,10,60,0.0065
USA-(AK) Cape Sarichef,54,35,0,164,55,0,1,0,-9,0,0,1010,10,60,0.0065
USA-(AK) Cordova,60,30,0,145,28,0,1,0,-9,0,0,1010,10,60,0.0065
USA-(AK) Dillingham,59,3,0,158,30,0,1,0,-9,0,0,1010,10,60,0.0065
USA-(AK) Dolomi,55,7,0,132,3,0,1,0,-9,0,0,1010,10,60,0.0065
USA-(AK) Fairbanks,64,49,0,147,52,0,1,0,-9,0,0,1010,10,60,0.0065
USA-(AK) Galena,64,44,0,156,56,0,1,0,-9,0,0,1010,10,60,0.0065
USA-(AK) Homer,59,39,0,151,29,0,1,0,-9,0,0,1010,10,60,0.0065
USA-(AK) Juneau,58,21,0,134,34,0,1,0,-9,0,0,1010,10,60,0.0065
USA-(AK) Kenai,60,34,0,151,15,0,1,0,-9,0,0,1010,10,60,0.0065
USA-(AK) Ketchikan,55,21,0,131,40,0,1,0,-9,0,0,1010,10,60,0.0065
USA-(AK) King Salmon,58,41,0,156,39,0,1,0,-9,0,0,1010,10,60,0.0065
USA-(AK) Kodiak,57,45,0,152,29,0,1,0,-9,0,0,1010,10,60,0.0065
USA-(AK) Kotzebue,66,53,0,162,36,0,1,0,-9,0,0,1010,10,60,0.0065
USA-(AK) Mcgrath,62,58,0,155,36,0,1,0,-9,0,0,1010,10,60,0.0065
USA-(AK) Nome,64,31,0,165,27,0,1,0,-9,0,0,1010,10,60,0.0065
USA-(AK) Northway,62,58,0,141,55,0,1,0,-9,0,0,1010,10,60,0.0065
USA-(AK) Prudhoe Bay,70,12,0,148,28,0,1,0,-9,0,0,1010,10,60,0.0065
USA-(AK) Shemya,52,43,0,174,5,0,1,1,-9,0,0,1010,10,60,0.0065
USA-(AK) Sitka,57,3,0,135,22,0,1,0,-9,0,0,1010,10,60,0.0065
USA-(AK) Valdez,61,8,0,146,14,0,1,0,-9,0,0,1010,10,60,0.0065
USA-(AK) Yakutat,59,31,0,139,40,0,1,0,-9,0,0,1010,10,60,0.0065
USA-(AL) Anniston,33,35,0,85,51,0,1,0,-6,0,0,1010,10,60,0.0065
USA-(AL) Dothan,31,19,0,85,27,0,1,0,-6,0,0,1010,10,60,0.0065
USA-(AL) Gadsden,33,58,0,86,5,0,1,0,-6,0,0,1010,10,60,0.0065
USA-(AL) Hamilton,34,8,0,87,60,0,1,0,-6,0,0,1010,10,60,0.0065
USA-(AL) Huntsville,34,39,0,86,47,0,1,0,-6,0,0,1010,10,60,0.0065
USA-(AL) Mobile,30,41,0,88,14,0,1,0,-6,0,0,1010,10,60,0.0065
USA-(AL) Montgomery,32,18,0,86,23,0,1,0,-6,0,0,1010,10,60,0.0065
USA-(AL) Muscle Shoals,34,45,0,87,37,0,1,0,-6,0,0,1010,10,60,0.0065
USA-(AL) Selma,32,21,0,86,59,0,1,0,-6,0,0,1010,10,60,0.0065
USA-(AL) Talladega,33,34,0,86,3,0,1,0,-6,0,0,1010,10,60,0.0065
USA-(AL) Tuscaloosa,33,13,0,87,37,0,1,0,-6,0,0,1010,10,60,0.0065
USA-(AR) Batesville,35,44,0,91,38,0,1,0,-6,0,0,1010,10,60,0.0065
USA-(AR) Blytheville,35,56,0,89,50,0,1,0,-6,0,0,1010,10,60,0.0065
USA-(AR) Buenos Aires,34,34,0,58,25,0,0,0,-6,0,0,1010,10,60,0.0065
USA-(AR) Camden,33,37,0,92,46,0,1,0,-6,0,0,1010,10,60,0.0065
USA-(AR) Fort Smith,35,20,0,94,22,0,1,0,-6,0,0,1010,10,60,0.0065
USA-(AR) Harrison,36,16,0,93,9,0,1,0,-6,0,0,1010,10,60,0.0065
USA-(AR) Hot Springs,34,29,0,93,6,0,1,0,-6,0,0,1010,10,60,0.0065
USA-(AR) Jacksonville,34,55,0,92,9,0,1,0,-6,0,0,1010,10,60,0.0065
USA-(AR) Jonesboro,35,50,0,90,39,0,1,0,-6,0,0,1010,10,60,0.0065
USA-(AR) Little Rock,34,44,0,92,14,0,1,0,-6,0,0,1010,10,60,0.0065
USA-(AR) Morrilton,35,8,0,92,55,0,1,0,-6,0,0,1010,10,60,0.0065
USA-(AR) Pine Bluff,34,11,0,91,56,0,1,0,-6,0,0,1010,10,60,0.0065
USA-(AR) Resistencia,27,27,0,59,3,0,0,0,-6,0,0,1010,10,60,0.0065
USA-(AR) Rio Cuarto,33,10,0,64,20,0,0,0,-6,0,0,1010,10,60,0.0065
USA-(AR) Rio Grande,53,47,0,67,45,0,0,0,-6,0,0,1010,10,60,0.0065
USA-(AR) San Carlos Debar.,41,9,0,71,10,0,0,0,-3,0,0,1010,10,60,0.0065
USA-(AR) Texarkana,33,27,0,93,59,0,1,0,-6,0,0,1010,10,60,0.0065
USA-(AR) Walnut Ridge,36,8,0,90,56,0,1,0,-6,0,0,1010,10,60,0.0065
USA-(AZ) Casa Grande,32,57,0,111,46,0,1,0,-7,0,0,1010,10,60,0.0065
USA-(AZ) Cottonwood,34,44,0,112,2,0,1,0,-7,0,0,1010,10,60,0.0065
USA-(AZ) Douglas,31,28,0,109,36,0,1,0,-7,0,0,1010,10,60,0.0065
USA-(AZ) Flagstaff,35,8,0,111,40,0,1,0,-7,0,0,1010,10,60,0.0065
USA-(AZ) Goodyear,33,25,0,112,22,0,1,0,-7,0,0,1010,10,60,0.0065
USA-(AZ) Grand Canyon,35,57,0,112,9,0,1,0,-7,0,0,1010,10,60,0.0065
USA-(AZ) Kingman,35,15,0,113,56,0,1,0,-7,0,0,1010,10,60,0.0065
USA-(AZ) Lake Havasu City,34,28,0,114,22,0,1,0,-7,0,0,1010,10,60,0.0065
USA-(AZ) Marana,32,31,0,111,20,0,1,0,-7,0,0,1010,10,60,0.0065
USA-(AZ) Nogales,31,25,0,110,51,0,1,0,-7,0,0,1010,10,60,0.0065
USA-(AZ) Page,36,56,0,111,27,0,1,0,-7,0,0,1010,10,60,0.0065
USA-(AZ) Phoenix,33,32,0,112,23,0,1,0,-7,0,0,1010,10,60,0.0065
USA-(AZ) Prescott,34,39,0,112,25,0,1,0,-7,0,0,1010,10,60,0.0065
USA-(AZ) Show Low,34,16,0,110,0,0,1,0,-7,0,0,1010,10,60,0.0065
USA-(AZ) Sierra Vista,31,35,0,110,21,0,1,0,-7,0,0,1010,10,60,0.0065
USA-(AZ) St Johns,34,31,0,109,23,0,1,0,-7,0,0,1010,10,60,0.0065
USA-(AZ) Stamm,32,25,34,110,56,7,1,0,-7,840,0,1010,10,60,0.0065
USA-(AZ) Stammn,32,25,56,110,58,51,1,0,-7,876,0,1010,10,60,0.0065
USA-(AZ) Tucson,32,13,12,111,6,0,1,0,-7,963,0,1010,10,60,0.0065
USA-(AZ) Winslow,35,1,0,110,44,0,1,0,-7,0,0,1010,10,60,0.0065
USA-(AZ) Yuma,32,39,0,114,36,0,1,0,-7,0,0,1010,10,60,0.0065
USA-(CA) Alameda,37,47,0,122,19,0,1,0,-8,0,0,1010,10,60,0.0065
USA-(CA) Apple Valley,34,32,0,117,13,0,1,0,-8,0,0,1010,10,60,0.0065
USA-(CA) Arcata,40,59,0,124,6,0,1,0,-8,0,0,1010,10,60,0.0065
USA-(CA) Bakersfield,35,26,0,119,3,0,1,0,-8,0,0,1010,10,60,0.0065
USA-(CA) Bishop,37,22,0,118,22,0,1,0,-8,0,0,1010,10,60,0.0065
USA-(CA) Blythe,33,37,0,114,43,0,1,0,-8,0,0,1010,10,60,0.0065
USA-(CA) Burbank,34,12,0,118,21,0,1,0,-8,0,0,1010,10,60,0.0065
USA-(CA) Calexico,32,40,0,115,31,0,1,0,-8,0,0,1010,10,60,0.0065
USA-(CA) Chews,36,19,0,121,34,0,1,0,-8,1500,0,1010,10,60,0.0065
USA-(CA) Chico,39,48,0,121,51,0,1,0,-8,0,0,1010,10,60,0.0065
USA-(CA) Chino,33,58,0,117,38,0,1,0,-8,0,0,1010,10,60,0.0065
USA-(CA) Churchill Falls,53,34,0,64,7,0,1,0,-4,0,0,1010,10,60,0.0065
USA-(CA) Coalinga,36,10,0,120,22,0,1,0,-8,0,0,1010,10,60,0.0065
USA-(CA) Concord,37,59,0,122,3,0,1,0,-8,0,0,1010,10,60,0.0065
USA-(CA) Crescent City,41,47,0,124,14,0,1,0,-8,0,0,1010,10,60,0.0065
USA-(CA) Daggett,34,51,0,116,47,0,1,0,-8,0,0,1010,10,60,0.0065
USA-(CA) Edwards,34,54,0,117,52,0,1,0,-8,0,0,1010,10,60,0.0065
USA-(CA) El Centro,32,50,0,115,40,0,1,0,-8,0,0,1010,10,60,0.0065
USA-(CA) El Toro,33,40,0,117,43,0,1,0,-8,0,0,1010,10,60,0.0065
USA-(CA) Fairfield,38,16,0,121,56,0,1,0,-8,0,0,1010,10,60,0.0065
USA-(CA) Fresno,36,47,0,119,43,0,1,0,-8,0,0,1010,10,60,0.0065
USA-(CA) Hawthorne,33,55,0,118,20,0,1,0,-8,0,0,1010,10,60,0.0065
USA-(CA) Hayward,37,40,0,122,7,0,1,0,-8,0,0,1010,10,60,0.0065
USA-(CA) Hemet,33,44,0,117,1,0,1,0,-8,0,0,1010,10,60,0.0065
USA-(CA) Herlong,40,16,0,120,9,0,1,0,-8,0,0,1010,10,60,0.0065
USA-(CA) Iles De Madeleine,47,22,0,61,54,0,1,0,-4,0,0,1010,10,60,0.0065
USA-(CA) La Verne,34,6,0,117,47,0,1,0,-8,0,0,1010,10,60,0.0065
USA-(CA) Lake Tahoe,38,54,0,119,60,0,1,0,-8,0,0,1010,10,60,0.0065
USA-(CA) Lancaster,34,44,0,118,13,0,1,0,-8,0,0,1010,10,60,0.0065
USA-(CA) Lemoore,36,20,0,119,57,0,1,0,-8,0,0,1010,10,60,0.0065
USA-(CA) Lompoc,34,44,0,120,35,0,1,0,-8,0,0,1010,10,60,0.0065
USA-(CA) Long Beach,33,49,0,118,9,0,1,0,-8,0,0,1010,10,60,0.0065
USA-(CA) Los Angeles,34,10,0,118,28,0,1,0,-8,0,0,1010,10,60,0.0065
USA-(CA) Madera,36,59,0,120,7,0,1,0,-8,0,0,1010,10,60,0.0065
USA-(CA) Mammoth Lakes,37,38,0,118,51,0,1,0,-8,0,0,1010,10,60,0.0065
USA-(CA) Marysville,39,6,0,121,34,0,1,0,-8,0,0,1010,10,60,0.0065
USA-(CA) Merced,37,23,0,120,34,0,1,0,-8,0,0,1010,10,60,0.0065
USA-(CA) Modesto,37,38,0,120,57,0,1,0,-8,0,0,1010,10,60,0.0065
USA-(CA) Mojave,35,4,0,118,9,0,1,0,-8,0,0,1010,10,60,0.0065
USA-(CA) Montague,41,47,0,122,28,0,1,0,-8,0,0,1010,10,60,0.0065
USA-(CA) Mountain View,37,25,0,122,3,0,1,0,-8,0,0,1010,10,60,0.0065
USA-(CA) Napa,38,13,0,122,17,0,1,0,-8,0,0,1010,10,60,0.0065
USA-(CA) Needles,34,46,0,114,37,0,1,0,-8,0,0,1010,10,60,0.0065
USA-(CA) Oakland,37,43,0,122,13,0,1,0,-8,0,0,1010,10,60,0.0065
USA-(CA) Ontario,34,3,0,117,36,0,1,0,-8,0,0,1010,10,60,0.0065
USA-(CA) Orange County,33,41,0,117,52,0,1,0,-8,0,0,1010,10,60,0.0065
USA-(CA) Oroville,39,30,0,121,37,0,1,0,-8,0,0,1010,10,60,0.0065
USA-(CA) Oxnard,34,12,0,119,12,0,1,0,-8,0,0,1010,10,60,0.0065
USA-(CA) Palm Springs,33,50,0,116,30,0,1,0,-8,0,0,1010,10,60,0.0065
USA-(CA) Palmdale,34,38,0,118,5,0,1,0,-8,0,0,1010,10,60,0.0065
USA-(CA) Paso Robles,35,40,0,120,38,0,1,0,-8,0,0,1010,10,60,0.0065
USA-(CA) Port Hueneme,34,7,0,119,7,0,1,0,-8,0,0,1010,10,60,0.0065
USA-(CA) Porterville,36,2,0,119,4,0,1,0,-8,0,0,1010,10,60,0.0065
USA-(CA) Red Bluff,40,9,0,122,15,0,1,0,-8,0,0,1010,10,60,0.0065
USA-(CA) Redding,40,31,0,122,18,0,1,0,-8,0,0,1010,10,60,0.0065
USA-(CA) Riverside,33,57,0,117,27,0,1,0,-8,0,0,1010,10,60,0.0065
USA-(CA) Sacramento,38,31,0,121,30,0,1,0,-8,0,0,1010,10,60,0.0065
USA-(CA) Salinas,36,40,0,121,36,0,1,0,-8,0,0,1010,10,60,0.0065
USA-(CA) San Bernardino,34,6,0,117,14,0,1,0,-8,0,0,1010,10,60,0.0065
USA-(CA) San Clemente Isl,33,1,0,118,35,0,1,0,-8,0,0,1010,10,60,0.0065
USA-(CA) San Diego,32,42,0,117,13,0,1,0,-8,0,0,1010,10,60,0.0065
USA-(CA) San Francisco,37,37,0,122,22,0,1,0,-8,0,0,1010,10,60,0.0065
USA-(CA) San Jose,37,22,0,121,56,0,1,0,-8,0,0,1010,10,60,0.0065
USA-(CA) San Luis Obispo,35,14,0,120,38,0,1,0,-8,0,0,1010,10,60,0.0065
USA-(CA) San Rafael,38,9,0,122,33,0,1,0,-8,0,0,1010,10,60,0.0065
USA-(CA) Santa Barbara,34,26,0,119,50,0,1,0,-8,0,0,1010,10,60,0.0065
USA-(CA) Santa Maria,34,54,0,120,27,0,1,0,-8,0,0,1010,10,60,0.0065
USA-(CA) Santa Monica,34,1,0,118,27,0,1,0,-8,0,0,1010,10,60,0.0065
USA-(CA) Santa Rosa,38,31,0,122,49,0,1,0,-8,0,0,1010,10,60,0.0065
USA-(CA) Stockton,37,54,0,121,14,0,1,0,-8,0,0,1010,10,60,0.0065
USA-(CA) Thermal,33,38,0,116,10,0,1,0,-8,0,0,1010,10,60,0.0065
USA-(CA) Torrance,33,48,0,118,20,0,1,0,-8,0,0,1010,10,60,0.0065
USA-(CA) Ukiah,39,8,0,123,12,0,1,0,-8,0,0,1010,10,60,0.0065
USA-(CA) Victorville,34,35,0,117,23,0,1,0,-8,0,0,1010,10,60,0.0065
USA-(CA) Visalia,36,19,0,119,24,0,1,0,-8,0,0,1010,10,60,0.0065
USA-(CA) Watsonville,36,56,0,121,47,0,1,0,-8,0,0,1010,10,60,0.0065
USA-(CA) Willows,39,31,0,122,13,0,1,0,-8,0,0,1010,10,60,0.0065
USA-(CO)  Alamosa,37,26,0,105,52,0,1,0,-7,0,0,1010,10,60,0.0065
USA-(CO)  Aspen,39,13,0,106,52,0,1,0,-7,0,0,1010,10,60,0.0065
USA-(CO)  Broomfield,39,54,0,105,7,0,1,0,-7,0,0,1010,10,60,0.0065
USA-(CO)  Cortez,37,18,0,108,38,0,1,0,-7,0,0,1010,10,60,0.0065
USA-(CO)  Durango,37,9,0,107,45,0,1,0,-7,0,0,1010,10,60,0.0065
USA-(CO)  Eagle,39,39,0,106,55,0,1,0,-7,0,0,1010,10,60,0.0065
USA-(CO)  Fort Collins,40,27,0,105,1,0,1,0,-7,0,0,1010,10,60,0.0065
USA-(CO)  Grand Junction,39,7,0,108,31,0,1,0,-7,0,0,1010,10,60,0.0065
USA-(CO)  Greeley,40,20,0,104,37,0,1,0,-7,0,0,1010,10,60,0.0065
USA-(CO)  Gunnison,38,32,0,106,56,0,1,0,-7,0,0,1010,10,60,0.0065
USA-(CO)  Hayden,40,29,0,107,13,0,1,0,-7,0,0,1010,10,60,0.0065
USA-(CO)  Lamar,38,4,0,102,41,0,1,0,-7,0,0,1010,10,60,0.0065
USA-(CO)  Leadville,39,13,0,106,19,0,1,0,-7,0,0,1010,10,60,0.0065
USA-(CO)  Montrose,38,30,0,107,54,0,1,0,-7,0,0,1010,10,60,0.0065
USA-(CO)  Pueblo,38,18,0,104,30,0,1,0,-7,0,0,1010,10,60,0.0065
USA-(CO)  Rifle,39,31,0,107,47,0,1,0,-7,0,0,1010,10,60,0.0065
USA-(CO)  Sterling,40,37,0,103,16,0,1,0,-7,0,0,1010,10,60,0.0065
USA-(CO)  Trinidad,37,16,0,104,20,0,1,0,-7,0,0,1010,10,60,0.0065
USA-(CO) Boulder,40,1,0,105,10,0,1,0,-7,0,0,1010,10,60,0.0065
USA-(CO) Colorado Springs,38,49,0,104,43,0,1,0,-7,0,0,1010,10,60,0.0065
USA-(CO) Denver,39,44,38,104,59,21,1,0,-7,1593,0,1010,10,60,0.0065
USA-(CT) Hartford,41,44,0,72,39,0,1,0,-5,0,0,1010,10,60,0.0065
USA-(CT) New Haven,41,16,0,72,53,0,1,0,-5,0,0,1010,10,60,0.0065
USA-(CT) New London,41,20,0,72,3,0,1,0,-5,0,0,1010,10,60,0.0065
USA-(DE) Dover,39,8,0,75,28,0,1,0,-5,0,0,1010,10,60,0.0065
USA-(DE) Georgetown,38,41,0,75,21,0,1,0,-5,0,0,1010,10,60,0.0065
USA-(DE) Wilmington,39,41,0,75,36,0,1,0,-5,0,0,1010,10,60,0.0065
USA-(FL) Boca Raton,26,22,0,80,7,0,1,0,-5,0,0,1010,10,60,0.0065
USA-(FL) Cape Canaveral,28,28,0,80,34,0,1,0,-5,0,0,1010,10,60,0.0065
USA-(FL) Cocoa,28,14,0,80,36,0,1,0,-5,0,0,1010,10,60,0.0065
USA-(FL) Crestview,30,47,0,86,31,0,1,0,-5,0,0,1010,10,60,0.0065
USA-(FL) Cross City,29,38,0,83,6,0,1,0,-5,0,0,1010,10,60,0.0065
USA-(FL) Daytona Beach,29,11,0,81,3,0,1,0,-5,0,0,1010,10,60,0.0065
USA-(FL) Fort Lauderdale,26,4,0,80,9,0,1,0,-5,0,0,1010,10,60,0.0065
USA-(FL) Fort Myers,26,35,0,81,52,0,1,0,-5,0,0,1010,10,60,0.0065
USA-(FL) Fort Pierce,27,30,0,80,22,0,1,0,-5,0,0,1010,10,60,0.0065
USA-(FL) Gainesville,29,41,0,82,17,0,1,0,-5,0,0,1010,10,60,0.0065
USA-(FL) Homestead,25,29,0,80,23,0,1,0,-5,0,0,1010,10,60,0.0065
USA-(FL) Immokalee,26,26,0,81,24,0,1,0,-5,0,0,1010,10,60,0.0065
USA-(FL) Jacksonville,30,13,0,81,53,0,1,0,-5,0,0,1010,10,60,0.0065
USA-(FL) Key West,24,33,0,81,46,0,1,0,-5,0,0,1010,10,60,0.0065
USA-(FL) Marathon,24,43,0,81,3,0,1,0,-5,0,0,1010,10,60,0.0065
USA-(FL) Melbourne,28,6,0,80,39,0,1,0,-5,0,0,1010,10,60,0.0065
USA-(FL) Miami,25,48,0,80,17,0,1,0,-5,0,0,1010,10,60,0.0065
USA-(FL) Naples,26,9,0,81,47,0,1,0,-5,0,0,1010,10,60,0.0065
USA-(FL) Ocala,29,11,0,82,14,0,1,0,-5,0,0,1010,10,60,0.0065
USA-(FL) Orlando,28,33,0,81,20,0,1,0,-5,0,0,1010,10,60,0.0065
USA-(FL) Panama City,30,13,0,85,41,0,1,0,-5,0,0,1010,10,60,0.0065
USA-(FL) Pensacola,30,21,0,87,19,0,1,0,-5,0,0,1010,10,60,0.0065
USA-(FL) Sanford,28,47,0,81,14,0,1,0,-5,0,0,1010,10,60,0.0065
USA-(FL) Sarasota,27,24,0,82,33,0,1,0,-5,0,0,1010,10,60,0.0065
USA-(FL) St Petersburg,27,54,0,82,41,0,1,0,-5,0,0,1010,10,60,0.0065
USA-(FL) Stuart,27,11,0,80,13,0,1,0,-5,0,0,1010,10,60,0.0065
USA-(FL) Tallahassee,30,24,0,84,21,0,1,0,-5,0,0,1010,10,60,0.0065
USA-(FL) Tampa,27,58,0,82,32,0,1,0,-5,0,0,1010,10,60,0.0065
USA-(FL) Valparaiso,30,24,0,86,50,0,1,0,-5,0,0,1010,10,60,0.0065
USA-(FL) Vero Beach,27,39,0,80,25,0,1,0,-5,0,0,1010,10,60,0.0065
USA-(FL) West Palm Beach,26,41,0,80,6,0,1,0,-5,0,0,1010,10,60,0.0065
USA-(GA) Albany,31,32,0,84,12,0,1,0,-5,0,0,1010,10,60,0.0065
USA-(GA) Athens,33,57,0,83,20,0,1,0,-5,0,0,1010,10,60,0.0065
USA-(GA) Atlanta,33,47,0,84,31,0,1,0,-5,0,0,1010,10,60,0.0065
USA-(GA) Augusta,33,22,0,81,58,0,1,0,-5,0,0,1010,10,60,0.0065
USA-(GA) Brunswick,31,9,0,81,23,0,1,0,-5,0,0,1010,10,60,0.0065
USA-(GA) Columbus,32,31,0,84,56,0,1,0,-5,0,0,1010,10,60,0.0065
USA-(GA) Dalton,34,43,0,84,52,0,1,0,-5,0,0,1010,10,60,0.0065
USA-(GA) Macon,33,40,0,85,1,0,1,0,-5,0,0,1010,10,60,0.0065
USA-(GA) Marietta,33,55,0,84,31,0,1,0,-5,0,0,1010,10,60,0.0065
USA-(GA) Moultrie,31,4,0,83,48,0,1,0,-5,0,0,1010,10,60,0.0065
USA-(GA) Savannah,32,8,0,81,12,0,1,0,-5,0,0,1010,10,60,0.0065
USA-(GA) Statesboro,32,29,0,81,44,0,1,0,-5,0,0,1010,10,60,0.0065
USA-(GA) Thomasville,30,54,0,83,53,0,1,0,-5,0,0,1010,10,60,0.0065
USA-(GA) Valdosta,30,47,0,83,17,0,1,0,-5,0,0,1010,10,60,0.0065
USA-(GA) Vidalia,32,12,0,82,22,0,1,0,-5,0,0,1010,10,60,0.0065
USA-(HI) Hilo,19,43,0,155,3,0,1,0,-9,0,0,1010,10,60,0.0065
USA-(HI) Honolulu,21,19,0,157,56,0,1,0,-9,0,0,1010,10,60,0.0065
USA-(HI) Kahului,20,54,0,156,26,0,1,0,-9,0,0,1010,10,60,0.0065
USA-(HI) Kona,19,39,0,156,1,0,1,0,-9,0,0,1010,10,60,0.0065
USA-(IA) Burlington,40,47,0,91,7,0,1,0,-6,0,0,1010,10,60,0.0065
USA-(IA) Cedar Rapids,41,53,0,91,42,0,1,0,-6,0,0,1010,10,60,0.0065
USA-(IA) Clinton,41,50,0,90,20,0,1,0,-6,0,0,1010,10,60,0.0065
USA-(IA) Davenport,41,37,0,90,35,0,1,0,-6,0,0,1010,10,60,0.0065
USA-(IA) Des Moines,41,32,0,93,39,0,1,0,-6,0,0,1010,10,60,0.0065
USA-(IA) Dubuque,42,25,0,90,43,0,1,0,-6,0,0,1010,10,60,0.0065
USA-(IA) Fort Dodge,42,33,0,94,11,0,1,0,-6,0,0,1010,10,60,0.0065
USA-(IA) Iowa City,41,38,0,91,33,0,1,0,-6,0,0,1010,10,60,0.0065
USA-(IA) Mason City,43,9,0,93,20,0,1,0,-6,0,0,1010,10,60,0.0065
USA-(IA) Ottumwa,41,6,0,92,27,0,1,0,-6,0,0,1010,10,60,0.0065
USA-(IA) Sioux City,42,24,0,96,23,0,1,0,-6,0,0,1010,10,60,0.0065
USA-(IA) Spencer,43,10,0,95,12,0,1,0,-6,0,0,1010,10,60,0.0065
USA-(IA) Waterloo,42,33,0,92,24,0,1,0,-6,0,0,1010,10,60,0.0065
USA-(ID) Boise,43,34,0,116,14,0,1,0,-7,0,0,1010,10,60,0.0065
USA-(ID) Coeur D alene,47,47,0,116,49,0,1,0,-7,0,0,1010,10,60,0.0065
USA-(ID) Idaho Falls,43,31,0,112,4,0,1,0,-7,0,0,1010,10,60,0.0065
USA-(ID) Lewiston,46,22,0,117,1,0,1,0,-7,0,0,1010,10,60,0.0065
USA-(ID) Mountain Home,43,3,0,115,52,0,1,0,-7,0,0,1010,10,60,0.0065
USA-(ID) Pocatello,42,55,0,112,36,0,1,0,-7,0,0,1010,10,60,0.0065
USA-(ID) Salmon,45,7,0,113,53,0,1,0,-7,0,0,1010,10,60,0.0065
USA-(ID) Twin Falls,42,29,0,114,29,0,1,0,-7,0,0,1010,10,60,0.0065
USA-(IL) Bloomington,40,29,0,88,56,0,1,0,-6,0,0,1010,10,60,0.0065
USA-(IL) Carbondale,37,47,0,89,15,0,1,0,-6,0,0,1010,10,60,0.0065
USA-(IL) Champaign,40,2,0,88,17,0,1,0,-6,0,0,1010,10,60,0.0065
USA-(IL) Chicago,41,47,0,87,45,0,1,0,-6,0,0,1010,10,60,0.0065
USA-(IL) Danville,40,12,0,87,36,0,1,0,-6,0,0,1010,10,60,0.0065
USA-(IL) Decatur,39,50,0,88,52,0,1,0,-6,0,0,1010,10,60,0.0065
USA-(IL) Galesburg,40,56,0,90,26,0,1,0,-6,0,0,1010,10,60,0.0065
USA-(IL) Glenview,42,5,0,87,49,0,1,0,-6,0,0,1010,10,60,0.0065
USA-(IL) Kankakee,41,4,0,87,51,0,1,0,-6,0,0,1010,10,60,0.0065
USA-(IL) Lawrenceville,38,46,0,87,36,0,1,0,-6,0,0,1010,10,60,0.0065
USA-(IL) Marion,37,45,0,89,1,0,1,0,-6,0,0,1010,10,60,0.0065
USA-(IL) Mattoon,39,29,0,88,17,0,1,0,-6,0,0,1010,10,60,0.0065
USA-(IL) Moline,41,27,0,90,30,0,1,0,-6,0,0,1010,10,60,0.0065
USA-(IL) Mt Vernon,38,19,0,88,52,0,1,0,-6,0,0,1010,10,60,0.0065
USA-(IL) Peoria,40,40,0,89,41,0,1,0,-6,0,0,1010,10,60,0.0065
USA-(IL) Quincy,39,57,0,91,12,0,1,0,-6,0,0,1010,10,60,0.0065
USA-(IL) Rockford,42,12,0,89,6,0,1,0,-6,0,0,1010,10,60,0.0065
USA-(IL) Springfield,39,51,0,89,41,0,1,0,-6,0,0,1010,10,60,0.0065
USA-(IL) Sterling,41,44,0,89,41,0,1,0,-6,0,0,1010,10,60,0.0065
USA-(IL) Waukegan,42,25,0,87,52,0,1,0,-6,0,0,1010,10,60,0.0065
USA-(IN) Anderson,40,6,0,85,37,0,1,0,-5,0,0,1010,10,60,0.0065
USA-(IN) Bloomington,39,8,0,86,37,0,1,0,-5,0,0,1010,10,60,0.0065
USA-(IN) Evansville,38,2,0,87,32,0,1,0,-5,0,0,1010,10,60,0.0065
USA-(IN) Fort Wayne,40,59,0,85,11,0,1,0,-5,0,0,1010,10,60,0.0065
USA-(IN) Gary,41,37,0,87,25,0,1,0,-5,0,0,1010,10,60,0.0065
USA-(IN) Indianapolis,39,44,0,86,17,0,1,0,-5,0,0,1010,10,60,0.0065
USA-(IN) Kokomo,40,32,0,86,3,0,1,0,-5,0,0,1010,10,60,0.0065
USA-(IN) Lafayette,40,25,0,86,56,0,1,0,-5,0,0,1010,10,60,0.0065
USA-(IN) Marion,40,29,0,85,41,0,1,0,-5,0,0,1010,10,60,0.0065
USA-(IN) Muncie,40,14,0,85,24,0,1,0,-5,0,0,1010,10,60,0.0065
USA-(IN) Peru,40,39,0,86,9,0,1,0,-5,0,0,1010,10,60,0.0065
USA-(IN) South Bend,41,42,0,86,19,0,1,0,-5,0,0,1010,10,60,0.0065
USA-(IN) Terre Haute,39,27,0,87,18,0,1,0,-5,0,0,1010,10,60,0.0065
USA-(IN) Valparaiso,41,27,0,87,0,0,1,0,-5,0,0,1010,10,60,0.0065
USA-(KS) Colby,39,24,0,101,3,0,1,0,-6,0,0,1010,10,60,0.0065
USA-(KS) Dodge City,37,46,0,99,58,0,1,0,-6,0,0,1010,10,60,0.0065
USA-(KS) Emporia,38,20,0,96,11,0,1,0,-6,0,0,1010,10,60,0.0065
USA-(KS) Ft Leavenworth,39,22,0,94,55,0,1,0,-6,0,0,1010,10,60,0.0065
USA-(KS) Ft Scott,37,48,0,94,46,0,1,0,-6,0,0,1010,10,60,0.0065
USA-(KS) Goodland,39,22,0,101,42,0,1,0,-6,0,0,1010,10,60,0.0065
USA-(KS) Great Bend,38,21,0,98,52,0,1,0,-6,0,0,1010,10,60,0.0065
USA-(KS) Hays,38,51,0,99,16,0,1,0,-6,0,0,1010,10,60,0.0065
USA-(KS) Hutchinson,38,4,0,97,52,0,1,0,-6,0,0,1010,10,60,0.0065
USA-(KS) Independence,37,20,0,95,31,0,1,0,-6,0,0,1010,10,60,0.0065
USA-(KS) Liberal,37,3,0,100,58,0,1,0,-6,0,0,1010,10,60,0.0065
USA-(KS) Newton,38,3,0,97,17,0,1,0,-6,0,0,1010,10,60,0.0065
USA-(KS) Pittsburg,37,27,0,94,44,0,1,0,-6,0,0,1010,10,60,0.0065
USA-(KS) Salina,38,47,0,97,39,0,1,0,-6,0,0,1010,10,60,0.0065
USA-(KS) Topeka,38,57,0,95,40,0,1,0,-6,0,0,1010,10,60,0.0065
USA-(KS) Wichita,37,37,0,97,16,0,1,0,-6,0,0,1010,10,60,0.0065
USA-(KY) Bowling Green,36,58,0,86,25,0,1,0,-6,0,0,1010,10,60,0.0065
USA-(KY) Fort Knox,37,54,0,85,58,0,1,0,-5,0,0,1010,10,60,0.0065
USA-(KY) Frankfort,38,11,0,84,54,0,1,0,-5,0,0,1010,10,60,0.0065
USA-(KY) Hopkinsville,36,40,0,87,30,0,1,0,-6,0,0,1010,10,60,0.0065
USA-(KY) Lexington,38,2,0,84,36,0,1,0,-5,0,0,1010,10,60,0.0065
USA-(KY) London,37,5,0,84,5,0,1,0,-5,0,0,1010,10,60,0.0065
USA-(KY) Louisville,38,14,0,85,40,0,1,0,-5,0,0,1010,10,60,0.0065
USA-(KY) Murray,36,40,0,88,22,0,1,0,-6,0,0,1010,10,60,0.0065
USA-(KY) Owensboro,37,44,0,87,10,0,1,0,-6,0,0,1010,10,60,0.0065
USA-(KY) Paducah,37,4,0,88,46,0,1,0,-6,0,0,1010,10,60,0.0065
USA-(KY) Somerset,37,3,0,84,37,0,1,0,-5,0,0,1010,10,60,0.0065
USA-(LA) Alexandria,31,19,0,92,33,0,1,0,-6,0,0,1010,10,60,0.0065
USA-(LA) Baton Rouge,30,26,36,91,11,13,1,0,-6,12,0,1010,10,60,0.0065
USA-(LA) New Iberia,30,2,0,91,53,0,1,0,-6,0,0,1010,10,60,0.0065
USA-(LA) New Orleans,29,59,0,90,15,0,1,0,-6,0,0,1010,10,60,0.0065
USA-(LA) Shreveport,32,30,0,93,40,0,1,0,-6,0,0,1010,10,60,0.0065
USA-(MA) Bedford,42,28,0,71,17,0,1,0,-5,0,0,1010,10,60,0.0065
USA-(MA) Beverly,42,35,0,70,55,0,1,0,-5,0,0,1010,10,60,0.0065
USA-(MA) Boston,42,22,0,71,0,0,1,0,-5,0,0,1010,10,60,0.0065
USA-(MA) Chicopee Falls,42,12,0,72,32,0,1,0,-5,0,0,1010,10,60,0.0065
USA-(MA) Falmouth,41,39,0,70,31,0,1,0,-5,0,0,1010,10,60,0.0065
USA-(MA) Hyannis,41,40,0,70,17,0,1,0,-5,0,0,1010,10,60,0.0065
USA-(MA) Lawrence,42,43,0,71,7,0,1,0,-5,0,0,1010,10,60,0.0065
USA-(MA) Martha s Vineyard,41,24,0,70,37,0,1,0,-5,0,0,1010,10,60,0.0065
USA-(MA) New Bedford,41,41,0,70,58,0,1,0,-5,0,0,1010,10,60,0.0065
USA-(MA) Pittsfield,42,26,0,73,18,0,1,0,-5,0,0,1010,10,60,0.0065
USA-(MA) South Weymouth,42,9,0,70,56,0,1,0,-5,0,0,1010,10,60,0.0065
USA-(MA) Westfield,42,10,0,72,43,0,1,0,-5,0,0,1010,10,60,0.0065
USA-(MA) Worcester,42,16,0,71,52,0,1,0,-5,0,0,1010,10,60,0.0065
USA-(MD) Annapolis,38,58,42,76,29,33,1,0,-5,9,0,1010,10,60,0.0065
USA-(MD) Baltimore,39,11,0,76,40,0,1,0,-5,0,0,1010,10,60,0.0065
USA-(MD) Camp Springs,38,49,0,76,52,0,1,0,-5,0,0,1010,10,60,0.0065
USA-(MD) Cumberland,39,37,0,78,46,0,1,0,-5,0,0,1010,10,60,0.0065
USA-(MD) Hagerstown,39,42,0,77,44,0,1,0,-5,0,0,1010,10,60,0.0065
USA-(MD) Patuxent River,38,17,0,76,25,0,1,0,-5,0,0,1010,10,60,0.0065
USA-(MD) Salisbury,38,20,0,75,31,0,1,0,-5,0,0,1010,10,60,0.0065
USA-(MD) Washington,38,57,0,77,27,0,1,0,-5,0,0,1010,10,60,0.0065
USA-(ME) Augusta,44,19,0,69,48,0,1,0,-5,0,0,1010,10,60,0.0065
USA-(ME) Bangor,44,48,0,68,50,0,1,0,-5,0,0,1010,10,60,0.0065
USA-(ME) Bar Harbor,44,27,0,68,22,0,1,0,-5,0,0,1010,10,60,0.0065
USA-(ME) Brunswick,43,54,0,69,56,0,1,0,-5,0,0,1010,10,60,0.0065
USA-(ME) Houlton,46,7,0,67,48,0,1,0,-5,0,0,1010,10,60,0.0065
USA-(ME) Lewiston,44,3,0,70,17,0,1,0,-5,0,0,1010,10,60,0.0065
USA-(ME) Limestone,46,57,0,67,53,0,1,0,-5,0,0,1010,10,60,0.0065
USA-(ME) Millenocket,45,39,0,68,42,0,1,0,-5,0,0,1010,10,60,0.0065
USA-(ME) Portland,43,39,0,70,18,0,1,0,-5,0,0,1010,10,60,0.0065
USA-(ME) Presque Isle,46,41,0,68,3,0,1,0,-5,0,0,1010,10,60,0.0065
USA-(ME) Rockland,44,4,0,69,6,0,1,0,-5,0,0,1010,10,60,0.0065
USA-(ME) Sanford,43,24,0,70,43,0,1,0,-5,0,0,1010,10,60,0.0065
USA-(ME) Waterville,44,32,0,69,41,0,1,0,-5,0,0,1010,10,60,0.0065
USA-(MI)  St. Joseph,42,5,37,86,29,18,1,0,-5,0,0,1010,10,60,0.0065
USA-(MI) Alma,43,19,0,84,41,0,1,0,-5,0,0,1010,10,60,0.0065
USA-(MI) Alpena,45,5,0,83,33,0,1,0,-5,0,0,1010,10,60,0.0065
USA-(MI) Battle Creek,42,19,0,85,15,0,1,0,-5,0,0,1010,10,60,0.0065
USA-(MI) Benton Harbor,42,8,0,86,26,0,1,0,-5,0,0,1010,10,60,0.0065
USA-(MI) Cadillac,44,17,0,85,25,0,1,0,-5,0,0,1010,10,60,0.0065
USA-(MI) Detroit,42,13,0,83,21,0,1,0,-5,0,0,1010,10,60,0.0065
USA-(MI) Escanaba,45,43,0,87,5,0,1,0,-5,0,0,1010,10,60,0.0065
USA-(MI) Flint,42,58,0,83,45,0,1,0,-5,0,0,1010,10,60,0.0065
USA-(MI) Gaylord,45,1,0,84,42,0,1,0,-5,0,0,1010,10,60,0.0065
USA-(MI) Gladwin,43,58,0,84,28,0,1,0,-5,0,0,1010,10,60,0.0065
USA-(MI) Grand Rapids,42,53,0,85,31,0,1,0,-5,0,0,1010,10,60,0.0065
USA-(MI) Hancock,47,10,0,88,29,0,1,0,-5,0,0,1010,10,60,0.0065
USA-(MI) Iron Mountain,45,49,0,88,7,0,1,0,-5,0,0,1010,10,60,0.0065
USA-(MI) Ironwood,46,32,0,90,8,0,1,0,-5,0,0,1010,10,60,0.0065
USA-(MI) Lansing,42,47,0,84,35,0,1,0,-5,0,0,1010,10,60,0.0065
USA-(MI) Ludington,43,58,0,86,25,0,1,0,-5,0,0,1010,10,60,0.0065
USA-(MI) Manistee,44,16,0,86,15,0,1,0,-5,0,0,1010,10,60,0.0065
USA-(MI) Marquette,46,21,0,87,24,0,1,0,-5,0,0,1010,10,60,0.0065
USA-(MI) Menominee,45,7,0,87,38,0,1,0,-5,0,0,1010,10,60,0.0065
USA-(MI) Mt Clemens,42,36,0,82,50,0,1,0,-5,0,0,1010,10,60,0.0065
USA-(MI) Muskegon,43,10,0,86,14,0,1,0,-5,0,0,1010,10,60,0.0065
USA-(MI) Oscoda,44,27,0,83,24,0,1,0,-5,0,0,1010,10,60,0.0065
USA-(MI) Pellston,45,34,0,84,48,0,1,0,-5,0,0,1010,10,60,0.0065
USA-(MI) Pontiac,42,40,0,83,25,0,1,0,-5,0,0,1010,10,60,0.0065
USA-(MI) Port Huron,42,55,0,82,32,0,1,0,-5,0,0,1010,10,60,0.0065
USA-(MI) Reed City,43,54,0,85,31,0,1,0,-5,0,0,1010,10,60,0.0065
USA-(MI) Saginaw,43,32,0,84,5,0,1,0,-5,0,0,1010,10,60,0.0065
USA-(MI) Sault Ste Marie,46,15,0,84,28,0,1,0,-5,0,0,1010,10,60,0.0065
USA-(MI) Traverse City,44,44,0,85,35,0,1,0,-5,0,0,1010,10,60,0.0065
USA-(MN) Alexandria,45,52,0,95,24,0,1,0,-6,0,0,1010,10,60,0.0065
USA-(MN) Baudette,48,43,0,94,36,0,1,0,-6,0,0,1010,10,60,0.0065
USA-(MN) Bemidji,47,31,0,94,56,0,1,0,-6,0,0,1010,10,60,0.0065
USA-(MN) Brainerd,46,24,0,94,8,0,1,0,-6,0,0,1010,10,60,0.0065
USA-(MN) Detroit Lakes,46,50,0,95,53,0,1,0,-6,0,0,1010,10,60,0.0065
USA-(MN) Duluth,46,51,0,92,11,0,1,0,-7,0,0,1010,10,60,0.0065
USA-(MN) Eveleth,47,26,0,92,30,0,1,0,-6,0,0,1010,10,60,0.0065
USA-(MN) Fairmont,43,39,0,94,25,0,1,0,-6,0,0,1010,10,60,0.0065
USA-(MN) Grand Rapids,47,13,0,93,31,0,1,0,-6,0,0,1010,10,60,0.0065
USA-(MN) Hibbing,47,23,0,92,50,0,1,0,-6,0,0,1010,10,60,0.0065
USA-(MN) Internat l Falls,48,34,0,93,24,0,1,0,-6,0,0,1010,10,60,0.0065
USA-(MN) Mankato,44,13,0,93,55,0,1,0,-6,0,0,1010,10,60,0.0065
USA-(MN) Marshall,44,27,0,95,49,0,1,0,-6,0,0,1010,10,60,0.0065
USA-(MN) Minneapolis,44,56,0,93,4,0,1,0,-6,0,0,1010,10,60,0.0065
USA-(MN) Owatonna,44,7,0,93,15,0,1,0,-6,0,0,1010,10,60,0.0065
USA-(MN) Rochester,43,55,0,92,30,0,1,0,-6,0,0,1010,10,60,0.0065
USA-(MN) Saint Paul,44,56,38,93,5,35,1,0,-6,224,0,1010,10,60,0.0065
USA-(MN) St Cloud,45,35,0,94,11,0,1,0,-6,0,0,1010,10,60,0.0065
USA-(MN) Thief River Falls,48,4,0,96,11,0,1,0,-6,0,0,1010,10,60,0.0065
USA-(MN) Willmar,45,7,0,95,5,0,1,0,-6,0,0,1010,10,60,0.0065
USA-(MN) Worthington,43,39,0,95,35,0,1,0,-6,0,0,1010,10,60,0.0065
USA-(MO) Cape Girardeau,37,13,0,89,34,0,1,0,-6,0,0,1010,10,60,0.0065
USA-(MO) Columbia,38,49,0,92,13,0,1,0,-6,0,0,1010,10,60,0.0065
USA-(MO) Fort Leonard Wood,37,44,0,92,8,0,1,0,-6,0,0,1010,10,60,0.0065
USA-(MO) Grandview,38,51,0,94,34,0,1,0,-6,0,0,1010,10,60,0.0065
USA-(MO) Jefferson City,38,36,0,92,9,0,1,0,-6,0,0,1010,10,60,0.0065
USA-(MO) Joplin,37,9,0,94,30,0,1,0,-6,0,0,1010,10,60,0.0065
USA-(MO) Kansas City,39,18,0,94,44,0,1,0,-6,0,0,1010,10,60,0.0065
USA-(MO) Kirksville,40,6,0,92,33,0,1,0,-6,0,0,1010,10,60,0.0065
USA-(MO) Lake Of Ozarks,38,6,0,92,33,0,1,0,-6,0,0,1010,10,60,0.0065
USA-(MO) Malden,36,36,0,89,59,0,1,0,-6,0,0,1010,10,60,0.0065
USA-(MO) Moberly,39,28,0,92,26,0,1,0,-6,0,0,1010,10,60,0.0065
USA-(MO) Nevada,37,51,0,94,18,0,1,0,-6,0,0,1010,10,60,0.0065
USA-(MO) Sedalia,38,42,0,93,11,0,1,0,-6,0,0,1010,10,60,0.0065
USA-(MO) Springfield,37,14,0,93,23,0,1,0,-6,0,0,1010,10,60,0.0065
USA-(MO) St Joseph,39,47,0,94,55,0,1,0,-6,0,0,1010,10,60,0.0065
USA-(MO) St Louis,38,45,0,90,22,0,1,0,-6,0,0,1010,10,60,0.0065
USA-(MO) Vichy,38,8,0,91,47,0,1,0,-6,0,0,1010,10,60,0.0065
USA-(MO) Warrensburg,38,44,0,93,33,0,1,0,-6,0,0,1010,10,60,0.0065
USA-(MS) Biloxi,30,25,0,88,55,0,1,0,-6,0,0,1010,10,60,0.0065
USA-(MS) Columbus,33,39,0,88,27,0,1,0,-6,0,0,1010,10,60,0.0065
USA-(MS) Greenville,33,29,0,90,59,0,1,0,-6,0,0,1010,10,60,0.0065
USA-(MS) Gulfport,30,24,0,89,4,0,1,0,-6,0,0,1010,10,60,0.0065
USA-(MS) Hattiesburg,31,16,0,89,15,0,1,0,-6,0,0,1010,10,60,0.0065
USA-(MS) Jackson,32,19,0,90,5,0,1,0,-6,0,0,1010,10,60,0.0065
USA-(MS) Laurel,31,28,0,89,20,0,1,0,-6,0,0,1010,10,60,0.0065
USA-(MS) Mccomb,31,11,0,90,28,0,1,0,-6,0,0,1010,10,60,0.0065
USA-(MS) Meridian,32,20,0,88,45,0,1,0,-6,0,0,1010,10,60,0.0065
USA-(MS) Natchez,31,37,0,91,18,0,1,0,-6,0,0,1010,10,60,0.0065
USA-(MS) Pascagoula,30,23,0,88,30,0,1,0,-6,0,0,1010,10,60,0.0065
USA-(MS) Tupelo,34,16,0,88,46,0,1,0,-6,0,0,1010,10,60,0.0065
USA-(MS) University,34,23,0,89,32,0,1,0,-6,0,0,1010,10,60,0.0065
USA-(MS) Vicksburg,32,14,0,90,56,0,1,0,-6,0,0,1010,10,60,0.0065
USA-(MT) Billings,45,48,0,108,33,0,1,0,-7,0,0,1010,10,60,0.0065
USA-(MT) Bozeman,45,47,0,111,10,0,1,0,-7,0,0,1010,10,60,0.0065
USA-(MT) Butte,45,57,0,112,30,0,1,0,-7,0,0,1010,10,60,0.0065
USA-(MT) Cut Bank,48,37,0,112,23,0,1,0,-7,0,0,1010,10,60,0.0065
USA-(MT) Glasgow,48,13,0,106,37,0,1,0,-7,0,0,1010,10,60,0.0065
USA-(MT) Glendive,47,8,0,104,48,0,1,0,-7,0,0,1010,10,60,0.0065
USA-(MT) Great Falls,47,29,0,111,22,0,1,0,-7,0,0,1010,10,60,0.0065
USA-(MT) Havre,48,33,0,109,46,0,1,0,-7,0,0,1010,10,60,0.0065
USA-(MT) Helena,46,36,0,111,59,0,1,0,-7,0,0,1010,10,60,0.0065
USA-(MT) Kalispell,48,19,0,114,15,0,1,0,-7,0,0,1010,10,60,0.0065
USA-(MT) Miles City,46,26,0,105,53,0,1,0,-7,0,0,1010,10,60,0.0065
USA-(MT) Missoula,46,55,0,114,5,0,1,0,-7,0,0,1010,10,60,0.0065
USA-(MT) Sidney,47,42,0,104,12,0,1,0,-7,0,0,1010,10,60,0.0065
USA-(MT) West Yellowstone,44,41,0,111,6,0,1,0,-7,0,0,1010,10,60,0.0065
USA-(MT) Wolf Point,48,6,0,105,34,0,1,0,-7,0,0,1010,10,60,0.0065
USA-(NC) Asheville,35,26,0,82,32,0,1,0,-5,0,0,1010,10,60,0.0065
USA-(NC) Charlotte,35,13,0,80,56,0,1,0,-5,0,0,1010,10,60,0.0065
USA-(NC) Cherry Point,34,54,0,76,53,0,1,0,-5,0,0,1010,10,60,0.0065
USA-(NC) Elizabeth,36,16,0,76,10,0,1,0,-5,0,0,1010,10,60,0.0065
USA-(NC) Fayetteville,35,10,0,79,1,0,1,0,-5,0,0,1010,10,60,0.0065
USA-(NC) Goldsboro,35,20,0,77,58,0,1,0,-5,0,0,1010,10,60,0.0065
USA-(NC) Greensboro,36,6,0,79,57,0,1,0,-5,0,0,1010,10,60,0.0065
USA-(NC) Greenville,35,38,0,77,23,0,1,0,-5,0,0,1010,10,60,0.0065
USA-(NC) Hickory,35,44,0,81,23,0,1,0,-5,0,0,1010,10,60,0.0065
USA-(NC) Jacksonville,34,50,0,77,37,0,1,0,-5,0,0,1010,10,60,0.0065
USA-(NC) Kinston,35,20,0,77,37,0,1,0,-5,0,0,1010,10,60,0.0065
USA-(NC) Lumberton,34,37,0,79,3,0,1,0,-5,0,0,1010,10,60,0.0065
USA-(NC) New Bern,35,4,0,77,3,0,1,0,-5,0,0,1010,10,60,0.0065
USA-(NC) Pinehurst,35,11,0,79,35,0,1,0,-5,0,0,1010,10,60,0.0065
USA-(NC) Raleigh,35,53,0,78,47,0,1,0,-5,0,0,1010,10,60,0.0065
USA-(NC) Rocky Mount,35,51,0,77,53,0,1,0,-5,0,0,1010,10,60,0.0065
USA-(NC) Washington,35,34,0,77,3,0,1,0,-5,0,0,1010,10,60,0.0065
USA-(NC) Wilmington,34,16,0,77,54,0,1,0,-5,0,0,1010,10,60,0.0065
USA-(NC) Winston-salem,36,8,0,80,14,0,1,0,-5,0,0,1010,10,60,0.0065
USA-(ND) Bismarck,46,47,0,100,45,0,1,0,-6,0,0,1010,10,60,0.0065
USA-(ND) Dickinson,46,48,0,102,48,0,1,0,-7,0,0,1010,10,60,0.0065
USA-(ND) Fargo,46,55,0,96,49,0,1,0,-6,0,0,1010,10,60,0.0065
USA-(ND) Grand Forks,47,57,0,97,11,0,1,0,-6,0,0,1010,10,60,0.0065
USA-(ND) Jamestown,46,56,0,98,41,0,1,0,-6,0,0,1010,10,60,0.0065
USA-(ND) Minot,48,25,0,101,21,0,1,0,-6,0,0,1010,10,60,0.0065
USA-(ND) Williston,48,11,0,103,38,0,1,0,-6,0,0,1010,10,60,0.0065
USA-(NE) Alliance,42,3,0,102,48,0,1,0,-7,0,0,1010,10,60,0.0065
USA-(NE) Beatrice,40,18,0,96,45,0,1,0,-6,0,0,1010,10,60,0.0065
USA-(NE) Chadron,42,50,0,103,6,0,1,0,-7,0,0,1010,10,60,0.0065
USA-(NE) Columbus,41,27,0,97,21,0,1,0,-6,0,0,1010,10,60,0.0065
USA-(NE) Grand Island,40,58,0,98,18,0,1,0,-6,0,0,1010,10,60,0.0065
USA-(NE) Hastings,40,36,0,98,26,0,1,0,-6,0,0,1010,10,60,0.0065
USA-(NE) Kearney,40,44,0,98,60,0,1,0,-6,0,0,1010,10,60,0.0065
USA-(NE) Lincoln,40,51,0,96,46,0,1,0,-6,0,0,1010,10,60,0.0065
USA-(NE) Mccook,40,12,0,100,35,0,1,0,-6,0,0,1010,10,60,0.0065
USA-(NE) Norfolk,41,59,0,97,26,0,1,0,-6,0,0,1010,10,60,0.0065
USA-(NE) North Platte,41,8,0,100,42,0,1,0,-6,0,0,1010,10,60,0.0065
USA-(NE) Ogallala,41,7,0,101,46,0,1,0,-7,0,0,1010,10,60,0.0065
USA-(NE) Omaha,41,18,0,95,54,0,1,0,-6,0,0,1010,10,60,0.0065
USA-(NE) Oneill,42,28,0,98,41,0,1,0,-6,0,0,1010,10,60,0.0065
USA-(NE) Scottsbluff,41,53,0,103,36,0,1,0,-7,0,0,1010,10,60,0.0065
USA-(NE) Sidney,41,6,0,102,59,0,1,0,-7,0,0,1010,10,60,0.0065
USA-(NE) Valentine,42,51,0,100,33,0,1,0,-6,0,0,1010,10,60,0.0065
USA-(NH) Berlin,44,34,0,71,11,0,1,0,-5,0,0,1010,10,60,0.0065
USA-(NH) Concord,43,12,0,71,30,0,1,0,-5,0,0,1010,10,60,0.0065
USA-(NH) Keene,42,54,0,72,16,0,1,0,-5,0,0,1010,10,60,0.0065
USA-(NH) Lebanon,43,38,0,72,18,0,1,0,-5,0,0,1010,10,60,0.0065
USA-(NH) Manchester,42,56,0,71,26,0,1,0,-5,0,0,1010,10,60,0.0065
USA-(NH) Nashua,42,47,0,71,31,0,1,0,-5,0,0,1010,10,60,0.0065
USA-(NH) Portsmouth,43,5,0,70,49,0,1,0,-5,0,0,1010,10,60,0.0065
USA-(NJ) Atlantic City,39,27,0,74,35,0,1,0,-5,0,0,1010,10,60,0.0065
USA-(NJ) Belmar,40,11,0,74,8,0,1,0,-5,0,0,1010,10,60,0.0065
USA-(NJ) Caldwell,40,53,0,74,17,0,1,0,-5,0,0,1010,10,60,0.0065
USA-(NJ) Cape May,39,0,0,74,55,0,1,0,-5,0,0,1010,10,60,0.0065
USA-(NJ) Fort Dix,40,1,0,74,36,0,1,0,-5,0,0,1010,10,60,0.0065
USA-(NJ) Lakehurst,40,2,0,74,21,0,1,0,-5,0,0,1010,10,60,0.0065
USA-(NJ) Millville,39,22,0,75,4,0,1,0,-5,0,0,1010,10,60,0.0065
USA-(NJ) Morristown,40,48,0,74,25,0,1,0,-5,0,0,1010,10,60,0.0065
USA-(NJ) Newark,40,42,0,74,10,0,1,0,-5,0,0,1010,10,60,0.0065
USA-(NJ) Teterboro,40,51,0,74,4,0,1,0,-5,0,0,1010,10,60,0.0065
USA-(NJ) Trenton,40,17,0,74,49,0,1,0,-5,0,0,1010,10,60,0.0065
USA-(NM) Alamogordo,32,51,0,106,6,0,1,0,-7,0,0,1010,10,60,0.0065
USA-(NM) Albuquerque,35,3,0,106,36,0,1,0,-7,0,0,1010,10,60,0.0065
USA-(NM) Artesia,32,51,0,104,28,0,1,0,-7,0,0,1010,10,60,0.0065
USA-(NM) Carlsbad,32,20,0,104,16,0,1,0,-7,0,0,1010,10,60,0.0065
USA-(NM) Clovis,34,23,0,103,19,0,1,0,-7,0,0,1010,10,60,0.0065
USA-(NM) Farmington,36,44,0,108,14,0,1,0,-7,0,0,1010,10,60,0.0065
USA-(NM) Gallup,35,31,0,108,47,0,1,0,-7,0,0,1010,10,60,0.0065
USA-(NM) Hobbs,32,41,0,103,13,0,1,0,-7,0,0,1010,10,60,0.0065
USA-(NM) Las Cruces,32,17,0,106,55,0,1,0,-7,0,0,1010,10,60,0.0065
USA-(NM) Las Vegas,35,9,0,105,9,0,1,0,-7,0,0,1010,10,60,0.0065
USA-(NM) Raton,36,44,0,104,30,0,1,0,-7,0,0,1010,10,60,0.0065
USA-(NM) Roswell,33,18,0,104,32,0,1,0,-7,0,0,1010,10,60,0.0065
USA-(NM) Ruidoso,33,22,0,105,40,0,1,0,-7,0,0,1010,10,60,0.0065
USA-(NM) Santa Fe,35,37,0,106,5,0,1,0,-7,0,0,1010,10,60,0.0065
USA-(NM) Silver City,32,38,0,108,9,0,1,0,-7,0,0,1010,10,60,0.0065
USA-(NM) Socorro,34,1,0,106,54,0,1,0,-7,0,0,1010,10,60,0.0065
USA-(NM) Truth Or Conseq.,33,14,0,107,16,0,1,0,-7,0,0,1010,10,60,0.0065
USA-(NM) Tucumcari,35,11,0,103,36,0,1,0,-7,0,0,1010,10,60,0.0065
USA-(NV) Carson City,39,9,54,119,46,1,1,0,-8,1428,0,1010,10,60,0.0065
USA-(NV) Elko,40,49,0,115,47,0,1,0,-8,0,0,1010,10,60,0.0065
USA-(NV) Ely,39,18,0,114,51,0,1,0,-8,0,0,1010,10,60,0.0065
USA-(NV) Fallon,39,30,0,118,45,0,1,0,-8,0,0,1010,10,60,0.0065
USA-(NV) Hawthorne,38,33,0,118,38,0,1,0,-8,0,0,1010,10,60,0.0065
USA-(NV) Las Vegas,36,13,0,115,12,0,1,0,-8,0,0,1010,10,60,0.0065
USA-(NV) Lovelock,40,4,0,118,34,0,1,0,-8,0,0,1010,10,60,0.0065
USA-(NV) Mercury,36,37,0,116,2,0,1,0,-8,0,0,1010,10,60,0.0065
USA-(NV) Reno,39,30,0,119,46,0,1,0,-8,0,0,1010,10,60,0.0065
USA-(NV) Tonopah,38,3,0,117,5,0,1,0,-8,0,0,1010,10,60,0.0065
USA-(NV) Wells,41,7,0,114,55,0,1,0,-8,0,0,1010,10,60,0.0065
USA-(NV) Winnemucca,40,54,0,117,48,0,1,0,-8,0,0,1010,10,60,0.0065
USA-(NY) Albany,42,45,0,73,48,0,1,0,-5,0,0,1010,10,60,0.0065
USA-(NY) Binghamton,42,12,0,75,58,0,1,0,-5,0,0,1010,10,60,0.0065
USA-(NY) Buffalo,42,56,0,78,44,0,1,0,-5,0,0,1010,10,60,0.0065
USA-(NY) Elmira,42,10,0,76,54,0,1,0,-5,0,0,1010,10,60,0.0065
USA-(NY) Farmingdale,40,44,0,73,25,0,1,0,-5,0,0,1010,10,60,0.0065
USA-(NY) Glens Falls,43,21,0,73,37,0,1,0,-5,0,0,1010,10,60,0.0065
USA-(NY) Islip,40,48,0,73,6,0,1,0,-5,0,0,1010,10,60,0.0065
USA-(NY) Ithaca,42,29,0,76,27,0,1,0,-5,0,0,1010,10,60,0.0065
USA-(NY) Jamestown,42,9,0,79,15,0,1,0,-5,0,0,1010,10,60,0.0065
USA-(NY) Massena,44,56,0,74,51,0,1,0,-5,0,0,1010,10,60,0.0065
USA-(NY) Monticello,41,38,0,74,42,0,1,0,-5,0,0,1010,10,60,0.0065
USA-(NY) Newburgh,41,30,0,74,6,0,1,0,-5,0,0,1010,10,60,0.0065
USA-(NY) Niagara Falls,43,6,0,78,57,0,1,0,-5,0,0,1010,10,60,0.0065
USA-(NY) Ogdensburg,44,41,0,75,28,0,1,0,-5,0,0,1010,10,60,0.0065
USA-(NY) Olean,42,14,0,78,23,0,1,0,-5,0,0,1010,10,60,0.0065
USA-(NY) Plattsburgh,44,39,0,73,28,0,1,0,-5,0,0,1010,10,60,0.0065
USA-(NY) Poughkeepsie,41,38,0,73,53,0,1,0,-5,0,0,1010,10,60,0.0065
USA-(NY) Rochester,43,7,0,77,40,0,1,0,-5,0,0,1010,10,60,0.0065
USA-(NY) Saranac Lake,44,23,0,74,12,0,1,0,-5,0,0,1010,10,60,0.0065
USA-(NY) Schenectady,42,51,0,73,56,0,1,0,-5,0,0,1010,10,60,0.0065
USA-(NY) Syracuse,43,7,0,76,6,0,1,0,-5,0,0,1010,10,60,0.0065
USA-(NY) Utica,43,8,0,75,23,0,1,0,-5,0,0,1010,10,60,0.0065
USA-(NY) Watertown,43,59,0,76,1,0,1,0,-5,0,0,1010,10,60,0.0065
USA-(NY) Westchester Cty,41,4,0,73,42,0,1,0,-5,0,0,1010,10,60,0.0065
USA-(NY) Westhampton,40,51,0,72,38,0,1,0,-5,0,0,1010,10,60,0.0065
USA-(OH) Akron,40,55,0,81,27,0,1,0,-5,0,0,1010,10,60,0.0065
USA-(OH) Cincinnati,39,6,0,84,25,0,1,0,-5,0,0,1010,10,60,0.0065
USA-(OH) Cleveland,41,31,0,81,41,0,1,0,-5,0,0,1010,10,60,0.0065
USA-(OH) Columbus,39,59,0,82,53,0,1,0,-5,0,0,1010,10,60,0.0065
USA-(OH) Dayton,39,35,0,84,13,0,1,0,-5,0,0,1010,10,60,0.0065
USA-(OH) Findlay,41,1,0,83,40,0,1,0,-5,0,0,1010,10,60,0.0065
USA-(OH) Hamilton,39,22,0,84,32,0,1,0,-5,0,0,1010,10,60,0.0065
USA-(OH) Lima,40,43,0,84,2,0,1,0,-5,0,0,1010,10,60,0.0065
USA-(OH) Mansfield,40,49,0,82,31,0,1,0,-5,0,0,1010,10,60,0.0065
USA-(OH) Middletown,39,32,0,84,24,0,1,0,-5,0,0,1010,10,60,0.0065
USA-(OH) Springfield,39,50,0,83,50,0,1,0,-5,0,0,1010,10,60,0.0065
USA-(OH) Toledo,41,35,0,83,48,0,1,0,-5,0,0,1010,10,60,0.0065
USA-(OH) Wapakoneta,40,30,0,84,18,0,1,0,-5,0,0,1010,10,60,0.0065
USA-(OH) Wilmington,39,30,0,83,52,0,1,0,-5,0,0,1010,10,60,0.0065
USA-(OH) Wooster,40,52,0,81,53,0,1,0,-5,0,0,1010,10,60,0.0065
USA-(OH) Youngstown,41,15,0,80,40,0,1,0,-5,0,0,1010,10,60,0.0065
USA-(OH) Zanesville,39,57,0,81,54,0,1,0,-5,0,0,1010,10,60,0.0065
USA-(OK) Altus,34,40,0,99,16,0,1,0,-6,0,0,1010,10,60,0.0065
USA-(OK) Ardmore,34,18,0,97,1,0,1,0,-6,0,0,1010,10,60,0.0065
USA-(OK) Bartlesville,36,46,0,96,1,0,1,0,-6,0,0,1010,10,60,0.0065
USA-(OK) Chickasha,35,2,0,97,58,0,1,0,-6,0,0,1010,10,60,0.0065
USA-(OK) Clinton,35,32,0,98,56,0,1,0,-7,0,0,1010,10,60,0.0065
USA-(OK) Duncan,34,28,0,97,58,0,1,0,-6,0,0,1010,10,60,0.0065
USA-(OK) Enid,36,20,0,97,55,0,1,0,-6,0,0,1010,10,60,0.0065
USA-(OK) Lawton,34,34,0,98,25,0,1,0,-6,0,0,1010,10,60,0.0065
USA-(OK) Mcalester,34,53,0,95,47,0,1,0,-6,0,0,1010,10,60,0.0065
USA-(OK) Miami,36,54,0,94,53,0,1,0,-6,0,0,1010,10,60,0.0065
USA-(OK) Muskogee,35,39,0,95,22,0,1,0,-6,0,0,1010,10,60,0.0065
USA-(OK) Norman,35,14,0,97,28,0,1,0,-6,0,0,1010,10,60,0.0065
USA-(OK) Oklahoma City,35,32,0,97,39,0,1,0,-6,0,0,1010,10,60,0.0065
USA-(OK) Ponca City,36,44,0,97,6,0,1,0,-6,0,0,1010,10,60,0.0065
USA-(OK) Stillwater,36,10,0,97,5,0,1,0,-6,0,0,1010,10,60,0.0065
USA-(OK) Tulsa,36,12,0,95,53,0,1,0,-6,0,0,1010,10,60,0.0065
USA-(OK) Woodward,36,26,0,99,32,0,1,0,-6,0,0,1010,10,60,0.0065
USA-(OR) Astoria,46,10,0,123,53,0,1,0,-8,0,0,1010,10,60,0.0065
USA-(OR) Baker,44,50,0,117,49,0,1,0,-8,0,0,1010,10,60,0.0065
USA-(OR) Bend,44,15,0,121,9,0,1,0,-8,0,0,1010,10,60,0.0065
USA-(OR) Burns,43,35,0,118,57,0,1,0,-8,0,0,1010,10,60,0.0065
USA-(OR) Corvallis,44,30,0,123,17,0,1,0,-8,0,0,1010,10,60,0.0065
USA-(OR) Eugene,44,7,0,123,13,0,1,0,-8,0,0,1010,10,60,0.0065
USA-(OR) Hillsboro,45,32,0,122,57,0,1,0,-8,0,0,1010,10,60,0.0065
USA-(OR) La Grande,45,17,0,118,0,0,1,0,-8,0,0,1010,10,60,0.0065
USA-(OR) Medford,42,22,0,122,52,0,1,0,-8,0,0,1010,10,60,0.0065
USA-(OR) Newport,44,35,0,124,3,0,1,0,-8,0,0,1010,10,60,0.0065
USA-(OR) North Bend,43,25,0,124,14,0,1,0,-8,0,0,1010,10,60,0.0065
USA-(OR) Ontario,44,1,0,117,1,0,1,0,-8,0,0,1010,10,60,0.0065
USA-(OR) Pendleton,45,42,0,118,50,0,1,0,-8,0,0,1010,10,60,0.0065
USA-(OR) Portland,45,35,0,122,36,0,1,0,-8,0,0,1010,10,60,0.0065
USA-(OR) Roseburg,43,14,0,123,22,0,1,0,-8,0,0,1010,10,60,0.0065
USA-(OR) Salem,44,55,0,123,0,0,1,0,-8,0,0,1010,10,60,0.0065
USA-(OR) The Dalles,45,37,0,121,10,0,1,0,-8,0,0,1010,10,60,0.0065
USA-(OR) Troutdale,45,33,0,122,24,0,1,0,-8,0,0,1010,10,60,0.0065
USA-(PA) Altoona,40,18,0,78,19,0,1,0,-5,0,0,1010,10,60,0.0065
USA-(PA) Bradford,41,48,0,78,38,0,1,0,-5,0,0,1010,10,60,0.0065
USA-(PA) Clearfield,40,53,0,78,5,0,1,0,-5,0,0,1010,10,60,0.0065
USA-(PA) Du Bois,41,11,0,78,54,0,1,0,-5,0,0,1010,10,60,0.0065
USA-(PA) Erie,42,5,0,80,11,0,1,0,-5,0,0,1010,10,60,0.0065
USA-(PA) Franklin,41,23,0,79,52,0,1,0,-5,0,0,1010,10,60,0.0065
USA-(PA) Harrisburg,40,15,35,76,52,56,1,0,-5,107,0,1010,10,60,0.0065
USA-(PA) Hazleton,40,59,0,75,59,0,1,0,-5,0,0,1010,10,60,0.0065
USA-(PA) Johnstown,40,19,0,78,50,0,1,0,-5,0,0,1010,10,60,0.0065
USA-(PA) Lancaster,40,7,0,76,18,0,1,0,-5,0,0,1010,10,60,0.0065
USA-(PA) Latrobe,40,17,0,79,24,0,1,0,-5,0,0,1010,10,60,0.0065
USA-(PA) Middletown,40,12,0,76,46,0,1,0,-5,0,0,1010,10,60,0.0065
USA-(PA) Philadelphia,40,5,0,75,1,0,1,0,-5,0,0,1010,10,60,0.0065
USA-(PA) Pittsburgh,40,30,0,80,14,0,1,0,-5,0,0,1010,10,60,0.0065
USA-(PA) Reading,40,23,0,75,58,0,1,0,-5,0,0,1010,10,60,0.0065
USA-(PA) Scranton,41,20,0,75,44,0,1,0,-5,0,0,1010,10,60,0.0065
USA-(PA) Williamsport,41,15,0,76,55,0,1,0,-5,0,0,1010,10,60,0.0065
USA-(PA) Willow Grove,40,12,0,75,9,0,1,0,-5,0,0,1010,10,60,0.0065
USA-(RI) Providence,41,44,0,71,26,0,1,0,-5,0,0,1010,10,60,0.0065
USA-(RI) Westerly,41,21,0,71,48,0,1,0,-5,0,0,1010,10,60,0.0065
USA-(SC) Aiken,33,39,0,81,41,0,1,0,-5,0,0,1010,10,60,0.0065
USA-(SC) Anderson,34,30,0,82,43,0,1,0,-5,0,0,1010,10,60,0.0065
USA-(SC) Charleston,32,54,0,80,2,0,1,0,-5,0,0,1010,10,60,0.0065
USA-(SC) Columbia,33,56,0,81,7,0,1,0,-5,0,0,1010,10,60,0.0065
USA-(SC) Florence,34,11,0,79,43,0,1,0,-5,0,0,1010,10,60,0.0065
USA-(SC) Georgetown,33,19,0,79,19,0,1,0,-5,0,0,1010,10,60,0.0065
USA-(SC) Greenville,34,54,0,82,13,0,1,0,-5,0,0,1010,10,60,0.0065
USA-(SC) Greenwood,34,15,0,82,10,0,1,0,-5,0,0,1010,10,60,0.0065
USA-(SC) Myrtle Beach,33,41,0,78,56,0,1,0,-5,0,0,1010,10,60,0.0065
USA-(SC) Orangeburg,33,28,0,80,51,0,1,0,-5,0,0,1010,10,60,0.0065
USA-(SC) Spartanburg,34,55,0,81,57,0,1,0,-5,0,0,1010,10,60,0.0065
USA-(SC) Sumter,33,58,0,80,28,0,1,0,-5,0,0,1010,10,60,0.0065
USA-(SD) Aberdeen,45,27,0,98,26,0,1,0,-6,0,0,1010,10,60,0.0065
USA-(SD) Brookings,44,18,0,96,49,0,1,0,-6,0,0,1010,10,60,0.0065
USA-(SD) Huron,44,23,0,98,14,0,1,0,0,0,0,1010,10,60,0.0065
USA-(SD) Pierre,44,23,0,100,17,0,1,0,-6,0,0,1010,10,60,0.0065
USA-(SD) Rapid City,44,3,0,103,3,0,1,0,-7,0,0,1010,10,60,0.0065
USA-(SD) Sioux Falls,43,35,0,96,44,0,1,0,-6,0,0,1010,10,60,0.0065
USA-(SD) Spearfish,44,29,0,103,47,0,1,0,-7,0,0,1010,10,60,0.0065
USA-(SD) Watertown,44,55,0,97,9,0,1,0,-5,0,0,1010,10,60,0.0065
USA-(TN) Bristol,36,29,0,82,24,0,1,0,-5,0,0,1010,10,60,0.0065
USA-(TN) Chattanooga,35,2,0,85,12,0,1,0,-5,0,0,1010,10,60,0.0065
USA-(TN) Clarksville,36,37,0,87,25,0,1,0,-6,0,0,1010,10,60,0.0065
USA-(TN) Crossville,35,57,0,85,5,0,1,0,-6,0,0,1010,10,60,0.0065
USA-(TN) Greenville,36,11,0,82,49,0,1,0,-5,0,0,1010,10,60,0.0065
USA-(TN) Jackson,35,36,0,88,55,0,1,0,-6,0,0,1010,10,60,0.0065
USA-(TN) Knoxville,35,49,0,83,60,0,1,0,-5,0,0,1010,10,60,0.0065
USA-(TN) Memphis,35,3,0,89,59,0,1,0,-6,0,0,1010,10,60,0.0065
USA-(TN) Nashville,36,8,0,86,41,0,1,0,-6,0,0,1010,10,60,0.0065
USA-(TN) Paris,36,20,0,88,23,0,1,0,-6,0,0,1010,10,60,0.0065
USA-(TN) Smyrna,36,1,0,86,31,0,1,0,-6,0,0,1010,10,60,0.0065
USA-(TN) Tullahoma,35,23,0,86,15,0,1,0,-6,0,0,1010,10,60,0.0065
USA-(TX) Abilene,32,25,0,99,41,0,1,0,-6,0,0,1010,10,60,0.0065
USA-(TX) Amarillo,35,14,0,101,43,0,1,0,-6,0,0,1010,10,60,0.0065
USA-(TX) Beaumont,29,57,0,94,1,0,1,0,-6,0,0,1010,10,60,0.0065
USA-(TX) Borger,35,42,0,101,24,0,1,0,-6,0,0,1010,10,60,0.0065
USA-(TX) Brownsville,25,54,0,97,26,0,1,0,-6,0,0,1010,10,60,0.0065
USA-(TX) Brownwood,31,48,0,98,57,0,1,0,-6,0,0,1010,10,60,0.0065
USA-(TX) College Station,30,35,0,96,22,0,1,0,-7,0,0,1010,10,60,0.0065
USA-(TX) Corpus Christi,27,42,0,97,17,0,1,0,-6,0,0,1010,10,60,0.0065
USA-(TX) Dallas,32,41,0,96,52,0,1,0,-6,0,0,1010,10,60,0.0065
USA-(TX) Dallas,32,58,0,96,50,0,1,0,-6,0,0,1010,10,60,0.0065
USA-(TX) Del Rio,29,22,0,100,47,0,1,0,-6,0,0,1010,10,60,0.0065
USA-(TX) El Paso,31,48,0,106,23,0,1,0,-6,0,0,1010,10,60,0.0065
USA-(TX) Fort Worth,32,46,0,97,26,0,1,0,-6,0,0,1010,10,60,0.0065
USA-(TX) Galveston,29,16,0,94,52,0,1,0,-6,0,0,1010,10,60,0.0065
USA-(TX) Greenville,33,4,0,96,4,0,1,0,-6,0,0,1010,10,60,0.0065
USA-(TX) Harlingen,26,14,0,97,39,0,1,0,-6,0,0,1010,10,60,0.0065
USA-(TX) Houston,29,39,0,95,17,0,1,0,-6,0,0,1010,10,60,0.0065
USA-(TX) Killeen,31,5,0,97,41,0,1,0,-6,0,0,1010,10,60,0.0065
USA-(TX) Laredo,27,33,0,99,28,0,1,0,-6,0,0,1010,10,60,0.0065
USA-(TX) Longview,32,23,0,94,43,0,1,0,-6,0,0,1010,10,60,0.0065
USA-(TX) Lubbock,33,40,0,101,49,0,1,0,-6,0,0,1010,10,60,0.0065
USA-(TX) Lufkin,31,14,0,94,45,0,1,0,-6,0,0,1010,10,60,0.0065
USA-(TX) Marshall,32,31,0,94,18,0,1,0,-6,0,0,1010,10,60,0.0065
USA-(TX) Meacham Field,32,49,0,97,22,0,1,0,-6,0,0,1010,10,60,0.0065
USA-(TX) Midland,31,56,0,102,12,0,1,0,-6,0,0,1010,10,60,0.0065
USA-(TX) Mission,26,11,0,98,14,0,1,0,-6,0,0,1010,10,60,0.0065
USA-(TX) Palacios,28,44,0,96,15,0,1,0,-6,0,0,1010,10,60,0.0065
USA-(TX) Paris,33,38,0,95,27,0,1,0,-6,0,0,1010,10,60,0.0065
USA-(TX) Plainview,34,10,0,101,43,0,1,0,-6,0,0,1010,10,60,0.0065
USA-(TX) Rockport,28,5,0,97,3,0,1,0,-6,0,0,1010,10,60,0.0065
USA-(TX) San Antonio,29,23,0,98,35,0,1,0,-6,0,0,1010,10,60,0.0065
USA-(TX) Sugar Land,29,38,0,95,40,0,1,0,-6,0,0,1010,10,60,0.0065
USA-(TX) Temple,31,9,0,97,25,0,1,0,-6,0,0,1010,10,60,0.0065
USA-(TX) Tyler,32,21,0,95,24,0,1,0,-6,0,0,1010,10,60,0.0065
USA-(TX) Victoria,28,51,0,96,55,0,1,0,-6,0,0,1010,10,60,0.0065
USA-(TX) Waco,31,37,0,97,14,0,1,0,-6,0,0,1010,10,60,0.0065
USA-(TX) Wichita Falls,33,59,0,98,30,0,1,0,-6,0,0,1010,10,60,0.0065
USA-(UT) Blanding,37,35,0,109,29,0,1,0,-7,0,0,1010,10,60,0.0065
USA-(UT) Brigham City,41,33,0,112,4,0,1,0,-7,0,0,1010,10,60,0.0065
USA-(UT) Bryce Canyon,37,42,0,112,9,0,1,0,-7,0,0,1010,10,60,0.0065
USA-(UT) Cedar City,37,42,0,113,6,0,1,0,-7,0,0,1010,10,60,0.0065
USA-(UT) Delta,39,23,0,112,30,0,1,0,-7,0,0,1010,10,60,0.0065
USA-(UT) Dugway,40,12,0,112,56,0,1,0,-7,0,0,1010,10,60,0.0065
USA-(UT) Kanab,37,1,0,112,32,0,1,0,-7,0,0,1010,10,60,0.0065
USA-(UT) Logan,41,47,0,111,51,0,1,0,-7,0,0,1010,10,60,0.0065
USA-(UT) Milford,38,26,0,113,1,0,1,0,-7,0,0,1010,10,60,0.0065
USA-(UT) Moab,38,46,0,109,45,0,1,0,-7,0,0,1010,10,60,0.0065
USA-(UT) Ogden,41,7,0,111,58,0,1,0,-7,0,0,1010,10,60,0.0065
USA-(UT) Price,39,37,0,110,45,0,1,0,-7,0,0,1010,10,60,0.0065
USA-(UT) Provo,40,13,0,111,43,0,1,0,-7,0,0,1010,10,60,0.0065
USA-(UT) Richfield,38,44,0,112,6,0,1,0,-7,0,0,1010,10,60,0.0065
USA-(UT) Salt Lake City,40,47,0,111,58,0,1,0,-7,0,0,1010,10,60,0.0065
USA-(UT) St George,37,6,0,113,36,0,1,0,-7,0,0,1010,10,60,0.0065
USA-(UT) Vernal,40,26,0,109,31,0,1,0,-7,0,0,1010,10,60,0.0065
USA-(UT) Wendover,40,44,0,114,2,0,1,0,-7,0,0,1010,10,60,0.0065
USA-(VA) Blacksburg,37,12,0,80,24,0,1,0,-5,0,0,1010,10,60,0.0065
USA-(VA) Charlottesville,38,8,0,78,27,0,1,0,-5,0,0,1010,10,60,0.0065
USA-(VA) Chincoteague,37,56,0,75,28,0,1,0,-5,0,0,1010,10,60,0.0065
USA-(VA) Danville,36,34,0,79,20,0,1,0,-5,0,0,1010,10,60,0.0065
USA-(VA) Dublin,37,8,0,80,41,0,1,0,-5,0,0,1010,10,60,0.0065
USA-(VA) Hampton,37,5,0,76,22,0,1,0,-5,0,0,1010,10,60,0.0065
USA-(VA) Hot Springs,37,57,0,79,50,0,1,0,-5,0,0,1010,10,60,0.0065
USA-(VA) Lynchburg,37,20,0,79,12,0,1,0,-5,0,0,1010,10,60,0.0065
USA-(VA) Melfa,37,39,0,75,46,0,1,0,-5,0,0,1010,10,60,0.0065
USA-(VA) Newport News,37,8,0,76,30,0,1,0,-5,0,0,1010,10,60,0.0065
USA-(VA) Norfolk,36,56,0,76,17,0,1,0,-5,0,0,1010,10,60,0.0065
USA-(VA) Oceana,36,49,0,76,2,0,1,0,-5,0,0,1010,10,60,0.0065
USA-(VA) Richmond,37,30,0,77,19,0,1,0,-5,0,0,1010,10,60,0.0065
USA-(VA) Roanoke,37,19,0,79,59,0,1,0,-5,0,0,1010,10,60,0.0065
USA-(VA) Staunton,38,16,0,78,54,0,1,0,-5,0,0,1010,10,60,0.0065
USA-(VA) Wise,36,59,0,82,32,0,1,0,-5,0,0,1010,10,60,0.0065
USA-(VT) Burlington,44,28,0,73,9,0,1,0,-5,0,0,1010,10,60,0.0065
USA-(VT) Montpelier,44,12,0,72,34,0,1,0,-5,0,0,1010,10,60,0.0065
USA-(VT) Rutland,43,32,0,72,57,0,1,0,-5,0,0,1010,10,60,0.0065
USA-(VT) Springfield,43,20,0,72,31,0,1,0,-5,0,0,1010,10,60,0.0065
USA-(WA) Bellingham,48,48,0,122,32,0,1,0,-8,0,0,1010,10,60,0.0065
USA-(WA) Bremerton,47,29,0,122,46,0,1,0,-8,0,0,1010,10,60,0.0065
USA-(WA) Chehalis,46,40,0,122,59,0,1,0,-8,0,0,1010,10,60,0.0065
USA-(WA) Ellensburg,47,2,0,120,32,0,1,0,-8,0,0,1010,10,60,0.0065
USA-(WA) Everett,47,55,0,122,17,0,1,0,-8,0,0,1010,10,60,0.0065
USA-(WA) Moses Lake,47,12,0,119,19,0,1,0,-8,0,0,1010,10,60,0.0065
USA-(WA) Olympia,46,58,0,122,54,0,1,0,-8,0,0,1010,10,60,0.0065
USA-(WA) Port Angeles,48,7,0,123,30,0,1,0,-8,0,0,1010,10,60,0.0065
USA-(WA) Renton,47,30,0,122,13,0,1,0,-8,0,0,1010,10,60,0.0065
USA-(WA) Seattle,47,27,0,122,18,0,1,0,-8,0,0,1010,10,60,0.0065
USA-(WA) Shelton,47,14,0,123,8,0,1,0,-8,0,0,1010,10,60,0.0065
USA-(WA) Spokane,47,37,0,117,39,0,1,0,-8,0,0,1010,10,60,0.0065
USA-(WA) Tacoma,47,8,0,122,29,0,1,0,-8,0,0,1010,10,60,0.0065
USA-(WA) Walla Walla,46,6,0,118,17,0,1,0,-8,0,0,1010,10,60,0.0065
USA-(WA) Wenatchee,47,24,0,120,12,0,1,0,-8,0,0,1010,10,60,0.0065
USA-(WA) Whidbey Island,48,21,0,122,39,0,1,0,-8,0,0,1010,10,60,0.0065
USA-(WA) Yakima,46,34,0,120,32,0,1,0,-8,0,0,1010,10,60,0.0065
USA-(WI) Appleton,44,15,0,88,31,0,1,0,-6,0,0,1010,10,60,0.0065
USA-(WI) Ashland,46,33,0,90,55,0,1,0,-6,0,0,1010,10,60,0.0065
USA-(WI) Camp Douglas,43,56,0,90,16,0,1,0,-6,0,0,1010,10,60,0.0065
USA-(WI) Eau Claire,44,52,0,91,29,0,1,0,-6,0,0,1010,10,60,0.0065
USA-(WI) Fond Du Lac,43,46,0,88,29,0,1,0,-6,0,0,1010,10,60,0.0065
USA-(WI) Green Bay,44,29,0,88,8,0,1,0,-6,0,0,1010,10,60,0.0065
USA-(WI) Janesvlle,42,37,0,89,2,0,1,0,-6,0,0,1010,10,60,0.0065
USA-(WI) Kenosha,42,36,0,87,55,0,1,0,-6,0,0,1010,10,60,0.0065
USA-(WI) La Crosse,43,53,0,91,15,0,1,0,-6,0,0,1010,10,60,0.0065
USA-(WI) Madison,43,9,0,89,20,0,1,0,-6,0,0,1010,10,60,0.0065
USA-(WI) Manitowoc,44,8,0,87,41,0,1,0,-6,0,0,1010,10,60,0.0065
USA-(WI) Marshfield,44,38,0,90,11,0,1,0,-6,0,0,1010,10,60,0.0065
USA-(WI) Milwaukee,42,57,0,87,54,0,1,0,-6,0,0,1010,10,60,0.0065
USA-(WI) Minocqua,45,55,0,89,44,0,1,0,-6,0,0,1010,10,60,0.0065
USA-(WI) Oshkosh,43,59,0,88,33,0,1,0,-6,0,0,1010,10,60,0.0065
USA-(WI) Racine,42,45,0,87,49,0,1,0,-6,0,0,1010,10,60,0.0065
USA-(WI) Rhinelander,45,38,0,89,27,0,1,0,-6,0,0,1010,10,60,0.0065
USA-(WI) Sheboygan,43,46,0,87,51,0,1,0,-6,0,0,1010,10,60,0.0065
USA-(WI) Stevens Point,44,33,0,89,32,0,1,0,-6,0,0,1010,10,60,0.0065
USA-(WI) Sturgeon Bay,44,51,0,87,25,0,1,0,-6,0,0,1010,10,60,0.0065
USA-(WI) Waukesha,43,2,0,88,14,0,1,0,-6,0,0,1010,10,60,0.0065
USA-(WI) Wausau,44,55,0,89,37,0,1,0,-6,0,0,1010,10,60,0.0065
USA-(WI) Wisconsin Rapids,44,22,0,89,50,0,1,0,-6,0,0,1010,10,60,0.0065
USA-(WV) Beckley,37,47,0,81,7,0,1,0,-5,0,0,1010,10,60,0.0065
USA-(WV) Charleston,38,22,0,81,36,0,1,0,-5,0,0,1010,10,60,0.0065
USA-(WV) Clarksburg,39,18,0,80,14,0,1,0,-5,0,0,1010,10,60,0.0065
USA-(WV) Elkins,38,53,0,79,51,0,1,0,-5,0,0,1010,10,60,0.0065
USA-(WV) Greenbrier,37,52,0,80,24,0,1,0,-5,0,0,1010,10,60,0.0065
USA-(WV) Huntington,38,22,0,82,33,0,1,0,-5,0,0,1010,10,60,0.0065
USA-(WV) Martinsburg,39,24,0,77,59,0,1,0,-5,0,0,1010,10,60,0.0065
USA-(WV) Morgantown,39,39,0,79,55,0,1,0,-5,0,0,1010,10,60,0.0065
USA-(WV) Parkersburg,39,21,0,81,26,0,1,0,-5,0,0,1010,10,60,0.0065
USA-(WV) Princeton,37,18,0,81,12,0,1,0,-5,0,0,1010,10,60,0.0065
USA-(WV) Wheeling,40,10,0,80,39,0,1,0,-5,0,0,1010,10,60,0.0065
USA-(WY) Buffalo,44,23,0,106,43,0,1,0,-7,0,0,1010,10,60,0.0065
USA-(WY) Casper,42,55,0,106,28,0,1,0,-7,0,0,1010,10,60,0.0065
USA-(WY) Cheyenne,41,9,0,104,49,0,1,0,-7,0,0,1010,10,60,0.0065
USA-(WY) Cody,44,31,0,109,2,0,1,0,-7,0,0,1010,10,60,0.0065
USA-(WY) Evanston,41,21,0,111,0,0,1,0,-7,0,0,1010,10,60,0.0065
USA-(WY) Fort Bridger,41,24,0,110,24,0,1,0,-7,0,0,1010,10,60,0.0065
USA-(WY) Gillette,44,21,0,105,32,0,1,0,-7,0,0,1010,10,60,0.0065
USA-(WY) Greybull,44,31,0,108,5,0,1,0,-7,0,0,1010,10,60,0.0065
USA-(WY) Jackson,43,36,0,110,44,0,1,0,-7,0,0,1010,10,60,0.0065
USA-(WY) Kemmerer,41,50,0,110,34,0,1,0,-7,0,0,1010,10,60,0.0065
USA-(WY) Lander,42,49,0,108,44,0,1,0,-7,0,0,1010,10,60,0.0065
USA-(WY) Laramie,41,19,0,105,40,0,1,0,-7,0,0,1010,10,60,0.0065
USA-(WY) Powell,44,52,0,108,47,0,1,0,-7,0,0,1010,10,60,0.0065
USA-(WY) Rawlins,41,48,0,107,12,0,1,0,-7,0,0,1010,10,60,0.0065
USA-(WY) Riverton,43,4,0,108,27,0,1,0,-7,0,0,1010,10,60,0.0065
USA-(WY) Rock Springs,41,36,0,109,4,0,1,0,-7,0,0,1010,10,60,0.0065
USA-(WY) Saratoga,41,27,0,106,49,0,1,0,-7,0,0,1010,10,60,0.0065
USA-(WY) Sheridan,44,46,0,106,59,0,1,0,-7,0,0,1010,10,60,0.0065
USA-(WY) Worland,43,58,0,107,57,0,1,0,-7,0,0,1010,10,60,0.0065
UZBEKISTAN Tashkent,41,15,59,69,12,59,1,1,5,429,0,1010,10,60,0.0065
VENEZUELA Barcelona,10,7,0,64,41,0,1,0,-4,0,0,1010,10,60,0.0065
VENEZUELA Barquisimeto,10,3,0,69,21,0,1,0,-4,0,0,1010,10,60,0.0065
VENEZUELA Caracas,10,36,0,66,59,0,1,0,-4,0,0,1010,10,60,0.0065
VENEZUELA Coro,11,25,0,69,41,0,1,0,-4,0,0,1010,10,60,0.0065
VENEZUELA Las Piedras,11,47,0,70,9,0,1,0,-4,0,0,1010,10,60,0.0065
VENEZUELA Maracaibo,10,34,0,71,44,0,1,0,-4,0,0,1010,10,60,0.0065
VENEZUELA Maracay,10,15,0,67,36,0,1,0,-4,0,0,1010,10,60,0.0065
VENEZUELA Maturin,9,45,0,63,9,0,1,0,-4,0,0,1010,10,60,0.0065
VENEZUELA Porlamar,10,58,0,63,50,0,1,0,-4,0,0,1010,10,60,0.0065
VIETNAM Hanoi,21,2,0,105,53,0,1,1,7,0,0,1010,10,60,0.0065
VIETNAM Ho Chi Minh City,10,49,0,106,39,0,1,1,7,0,0,1010,10,60,0.0065
VIETNAM Da Nang,16,3,0,108,12,0,1,1,7,10,0,1010,10,60,0.0065
VIETNAM Hai Phong,20,51,6,106,41,19,1,1,7,10,0,1010,10,60,0.0065
VIETNAM Can Tho,10,2,0,105,47,0,1,1,7,10,0,1010,10,60,0.0065
VIETNAM Hue,16,28,0,107,34,45,1,1,7,10,0,1010,10,60,0.0065
VIETNAM Nha Trang,12,15,53,109,13,41,1,1,7,10,0,1010,10,60,0.0065
YEMEN Adan,12,47,3,44,59,27,1,1,3,60,0,1010,10,60,0.0065
YEMEN Amran,15,39,34,43,56,24,1,1,3,2250,0,1010,10,60,0.0065
YEMEN Bajil,15,3,27,43,16,43,1,1,3,190,0,1010,10,60,0.0065
YEMEN Bayda,13,59,16,45,34,11,1,1,3,2000,0,1010,10,60,0.0065
YEMEN Bayl Al Faqih,14,30,59,43,19,18,1,1,3,150,0,1010,10,60,0.0065
YEMEN Dhamar,14,32,40,44,23,33,1,1,3,2430,0,1010,10,60,0.0065
YEMEN Dhi Sufal,13,50,14,44,6,41,1,1,3,1910,0,1010,10,60,0.0065
YEMEN Hajjah,15,41,40,43,35,55,1,1,3,1700,0,1010,10,60,0.0065
YEMEN Hodeida,14,48,27,42,56,10,1,1,3,20,0,1010,10,60,0.0065
YEMEN Ib,13,58,13,44,9,14,1,1,3,1960,0,1010,10,60,0.0065
YEMEN Jaar,13,13,31,45,18,13,1,1,3,75,0,1010,10,60,0.0065
YEMEN Lahij,13,3,27,44,52,46,1,1,3,140,0,1010,10,60,0.0065
YEMEN Marawia,14,49,50,43,9,11,1,1,3,80,0,1010,10,60,0.0065
YEMEN Marib,15,27,46,45,19,13,1,1,3,1100,0,1010,10,60,0.0065
YEMEN Mukalla,14,32,11,49,6,49,1,1,3,40,0,1010,10,60,0.0065
YEMEN Radaa,14,24,56,44,49,45,1,1,3,2140,0,1010,10,60,0.0065
YEMEN Sahar,15,18,58,44,18,28,1,1,3,2375,0,1010,10,60,0.0065
YEMEN Sana,15,21,28,44,10,29,1,1,3,2290,0,1010,10,60,0.0065
YEMEN Sayyan,15,10,22,44,19,28,1,1,3,2500,0,1010,10,60,0.0065
YEMEN Shahar,14,45,23,49,35,41,1,1,3,20,0,1010,10,60,0.0065
YEMEN Sumara,14,11,4,44,16,33,1,1,3,2972,0,1010,10,60,0.0065
YEMEN Taiz,13,34,11,43,59,43,1,1,3,1450,0,1010,10,60,0.0065
YEMEN Yarim,14,17,51,44,22,29,1,1,3,2650,0,1010,10,60,0.0065
YEMEN Zabid,14,11,41,43,18,45,1,1,3,110,0,1010,10,60,0.0065
YUGOSLAVIA Belgrade,44,49,0,20,19,0,1,1,1,0,0,1010,10,60,0.0065
YUGOSLAVIA Dubrovnik,42,34,0,18,16,0,1,1,1,0,0,1010,10,60,0.0065
ZAIRE Gemena,3,14,0,19,46,0,1,1,1,0,0,1010,10,60,0.0065
ZAIRE Goma,1,40,0,29,14,0,0,1,1,0,0,1010,10,60,0.0065
ZAIRE Isiro,2,47,0,27,38,0,1,1,1,0,0,1010,10,60,0.0065
ZAIRE Kamina,8,38,0,25,15,0,0,1,1,0,0,1010,10,60,0.0065
ZAIRE Kindu,2,55,0,25,55,0,0,1,1,0,0,1010,10,60,0.0065
ZAIRE Kinshasa,4,23,0,15,27,0,0,1,1,0,0,1010,10,60,0.0065
ZAIRE Kisangani,0,31,0,25,9,0,1,1,1,0,0,1010,10,60,0.0065
ZAIRE Lubumbashi,11,35,0,27,32,0,0,1,1,0,0,1010,10,60,0.0065
ZAIRE Mbandaka,0,1,0,18,18,0,1,1,1,0,0,1010,10,60,0.0065
ZAIRE Mbuji Mayi,6,7,0,23,34,0,0,1,1,0,0,1010,10,60,0.0065
ZAMBIA Livingstone,17,49,0,25,49,0,0,1,2,0,0,1010,10,60,0.0065
ZAMBIA Lusaka,15,20,0,28,27,0,0,1,2,0,0,1010,10,60,0.0065
ZAMBIA Ndola,12,60,0,28,40,0,0,1,2,0,0,1010,10,60,0.0065
ZIMBABWE Bulawayo,20,1,0,28,37,0,0,1,2,0,0,1010,10,60,0.0065